-- GhostTrick Database Export (PostgreSQL)
-- Generated: 2026-07-15 12:23:06
-- Database: GhostTrickDb

-- Note: Database is created by POSTGRES_DB environment variable
-- This script runs inside the GhostTrickDb database

-- GhostTrick Database Export
-- Generated: 2026-07-15 12:14:35
-- Database: GhostTrickDb


-- Table: AspNetRoles
-- Columns: Id, Name, NormalizedName, ConcurrencyStamp
INSERT INTO AspNetRoles (Id, Name, NormalizedName, ConcurrencyStamp) VALUES ('40a8e78f-e8e4-41a0-94a7-78095e54028c', 'Customer', 'CUSTOMER', NULL);
INSERT INTO AspNetRoles (Id, Name, NormalizedName, ConcurrencyStamp) VALUES ('7e87bca3-5535-4f41-a148-bc3a286710aa', 'Admin', 'ADMIN', NULL);

-- Table: AspNetUsers
-- Columns: Id, FullName, AvatarUrl, CreatedAt, UserName, NormalizedUserName, Email, NormalizedEmail, EmailConfirmed, PasswordHash, SecurityStamp, ConcurrencyStamp, PhoneNumber, PhoneNumberConfirmed, TwoFactorEnabled, LockoutEnd, LockoutEnabled, AccessFailedCount, DateOfBirth, IsDeleted
INSERT INTO AspNetUsers (Id, FullName, AvatarUrl, CreatedAt, UserName, NormalizedUserName, Email, NormalizedEmail, EmailConfirmed, PasswordHash, SecurityStamp, ConcurrencyStamp, PhoneNumber, PhoneNumberConfirmed, TwoFactorEnabled, LockoutEnd, LockoutEnabled, AccessFailedCount, DateOfBirth, IsDeleted) VALUES ('02230069-c301-4062-a3fe-4ea0bf76e001', 'lih', NULL, '2026-05-19 09:24:54.7929856', 'guest_b09717b04d014b4faba0ea4290e9f325@ghosttrick.com', 'GUEST_B09717B04D014B4FABA0EA4290E9F325@GHOSTTRICK.COM', 'guest_b09717b04d014b4faba0ea4290e9f325@ghosttrick.com', 'GUEST_B09717B04D014B4FABA0EA4290E9F325@GHOSTTRICK.COM', 1, 'AQAAAAIAAYagAAAAEKHLbqNkR2XQdWLrvHGpdR0muA2ra2a07DYuZR++o0h5K7u4l70wiWKh8Jk2U0R2WQ==', '7QPRHIXZPNHXAFDCUWPFK6UC2XKXKD3J', '0106df9d-0ca6-47ac-8af0-fed5d5ea9abf', '09822483713', 0, 0, NULL, 1, 0, NULL, 0);
INSERT INTO AspNetUsers (Id, FullName, AvatarUrl, CreatedAt, UserName, NormalizedUserName, Email, NormalizedEmail, EmailConfirmed, PasswordHash, SecurityStamp, ConcurrencyStamp, PhoneNumber, PhoneNumberConfirmed, TwoFactorEnabled, LockoutEnd, LockoutEnabled, AccessFailedCount, DateOfBirth, IsDeleted) VALUES ('46257b1c-a8a3-431f-baf1-550e743597a9', 'Ghosttrick Admin', 'https://res.cloudinary.com/doghoyjzh/image/upload/v1778490393/dubx4irrutnb5mif08p0.jpg', '2026-05-10 14:26:17.2537946', 'admin@ghosttrick.com', 'ADMIN@GHOSTTRICK.COM', 'admin@ghosttrick.com', 'ADMIN@GHOSTTRICK.COM', 1, 'AQAAAAIAAYagAAAAEH3EMuU8UkV+uIi/dugl6Iz2TmwiSzmlMwTexa4/sy8nvQj79zzheFS7Vd03Avbyxw==', 'FQX27POZZ46AWVFIOCSICQEPI7X5RTAF', '19c2307d-3bb8-44cc-8050-e7a63cbb7b3e', '0900000000', 0, 0, NULL, 1, 0, NULL, 0);
INSERT INTO AspNetUsers (Id, FullName, AvatarUrl, CreatedAt, UserName, NormalizedUserName, Email, NormalizedEmail, EmailConfirmed, PasswordHash, SecurityStamp, ConcurrencyStamp, PhoneNumber, PhoneNumberConfirmed, TwoFactorEnabled, LockoutEnd, LockoutEnabled, AccessFailedCount, DateOfBirth, IsDeleted) VALUES ('6ba4438f-aa88-4c81-bfd8-0e3b4fa6cb8e', 'Thắng IT Trần', 'https://lh3.googleusercontent.com/a/ACg8ocKGGEKwfdTtTB_RFvwJYktktybZ_qiGFf3lNCByHD0CVl4R-w=s96-c', '2026-05-28 08:22:08.9707788', 'tranthangit.svip@gmail.com', 'TRANTHANGIT.SVIP@GMAIL.COM', 'tranthangit.svip@gmail.com', 'TRANTHANGIT.SVIP@GMAIL.COM', 1, NULL, 'TZ45MONSPJ37M3HCMXXSYQOTIUT7U5P3', 'a36d8ce3-d1a9-458d-8c24-a258cd77fcd9', NULL, 0, 0, NULL, 1, 0, NULL, 0);
INSERT INTO AspNetUsers (Id, FullName, AvatarUrl, CreatedAt, UserName, NormalizedUserName, Email, NormalizedEmail, EmailConfirmed, PasswordHash, SecurityStamp, ConcurrencyStamp, PhoneNumber, PhoneNumberConfirmed, TwoFactorEnabled, LockoutEnd, LockoutEnabled, AccessFailedCount, DateOfBirth, IsDeleted) VALUES ('799cfe06-8ef0-4c68-bf52-3b70f7192aa9', 'Bách Tùng', 'https://lh3.googleusercontent.com/a/ACg8ocL_nbFSRFC3AianT_QTr0IGeTTou-DDbJvzr9ANsYAneUkqt45y=s96-c', '2026-05-14 14:23:20.5902089', 'trantungbach26@gmail.com', 'TRANTUNGBACH26@GMAIL.COM', 'trantungbach26@gmail.com', 'TRANTUNGBACH26@GMAIL.COM', 1, NULL, 'KPN3ATTNVZWOEI3APZ2SRF6ZXTF63EIX', '0ee688c3-d578-4ccb-838a-ab6aabaf1ca3', NULL, 0, 0, NULL, 1, 0, NULL, 0);
INSERT INTO AspNetUsers (Id, FullName, AvatarUrl, CreatedAt, UserName, NormalizedUserName, Email, NormalizedEmail, EmailConfirmed, PasswordHash, SecurityStamp, ConcurrencyStamp, PhoneNumber, PhoneNumberConfirmed, TwoFactorEnabled, LockoutEnd, LockoutEnabled, AccessFailedCount, DateOfBirth, IsDeleted) VALUES ('7b532411-18df-48b4-8326-5225771ddc73', 'Tùng Bách', NULL, '2026-05-17 10:56:44.6535485', 'trantungbach20@gmail.com', 'TRANTUNGBACH20@GMAIL.COM', 'trantungbach20@gmail.com', 'TRANTUNGBACH20@GMAIL.COM', 1, 'AQAAAAIAAYagAAAAEAhvc5ltSnmC0AhyNpEiTG2InYyoGUQ6DVQBvHDvoF4uHn0ucbuBqoj6WnIaO3oUKA==', 'A3QMCAUVPS6Y67OLJLCSC5ANGYVUGC3U', 'eb712325-f9b0-4380-8082-3a342477ac32', '0378351050', 0, 0, NULL, 1, 0, NULL, 0);

-- Table: AspNetUserRoles
-- Columns: UserId, RoleId
INSERT INTO AspNetUserRoles (UserId, RoleId) VALUES ('02230069-c301-4062-a3fe-4ea0bf76e001', '40a8e78f-e8e4-41a0-94a7-78095e54028c');
INSERT INTO AspNetUserRoles (UserId, RoleId) VALUES ('6ba4438f-aa88-4c81-bfd8-0e3b4fa6cb8e', '40a8e78f-e8e4-41a0-94a7-78095e54028c');
INSERT INTO AspNetUserRoles (UserId, RoleId) VALUES ('799cfe06-8ef0-4c68-bf52-3b70f7192aa9', '40a8e78f-e8e4-41a0-94a7-78095e54028c');
INSERT INTO AspNetUserRoles (UserId, RoleId) VALUES ('7b532411-18df-48b4-8326-5225771ddc73', '40a8e78f-e8e4-41a0-94a7-78095e54028c');
INSERT INTO AspNetUserRoles (UserId, RoleId) VALUES ('46257b1c-a8a3-431f-baf1-550e743597a9', '7e87bca3-5535-4f41-a148-bc3a286710aa');

-- Table: AspNetUserClaims
-- Columns: Id, UserId, ClaimType, ClaimValue

-- Table: AspNetRoleClaims
-- Columns: Id, RoleId, ClaimType, ClaimValue

-- Table: AspNetUserLogins
-- Columns: LoginProvider, ProviderKey, ProviderDisplayName, UserId

-- Table: AspNetUserTokens
-- Columns: UserId, LoginProvider, Name, Value

-- Table: Categories
-- Columns: Id, Name, Slug, Description, IsDeleted, CreatedAt, UpdatedAt
INSERT INTO Categories (Id, Name, Slug, Description, IsDeleted, CreatedAt, UpdatedAt) VALUES (1, 'Tops', 'tops', NULL, 0, '2026-05-10 14:26:17.5423970', '2026-05-10 14:26:17.5423971');
INSERT INTO Categories (Id, Name, Slug, Description, IsDeleted, CreatedAt, UpdatedAt) VALUES ('2', 'Bottoms', 'bottoms', NULL, 0, '2026-05-10 14:26:17.5424504', '2026-05-18 10:07:43.3383318');
INSERT INTO Categories (Id, Name, Slug, Description, IsDeleted, CreatedAt, UpdatedAt) VALUES ('3', 'OuterWear', 'outerwear', NULL, 0, '2026-05-10 14:26:17.5424505', '2026-05-10 14:26:17.5424506');
INSERT INTO Categories (Id, Name, Slug, Description, IsDeleted, CreatedAt, UpdatedAt) VALUES ('1002', 'Sweater', '/sweater', NULL, 1, '2026-05-11 15:38:04.4227750', '2026-05-11 15:38:04.4227751');
INSERT INTO Categories (Id, Name, Slug, Description, IsDeleted, CreatedAt, UpdatedAt) VALUES ('2002', 'Bottoms', '/bottoms', NULL, 1, '2026-05-18 08:42:02.5975771', '2026-05-18 08:42:02.5975772');
INSERT INTO Categories (Id, Name, Slug, Description, IsDeleted, CreatedAt, UpdatedAt) VALUES ('2011', 'Bottomss', 'bottomss', NULL, 1, '2026-05-18 08:56:44.8168997', '2026-05-18 08:56:44.8168998');
INSERT INTO Categories (Id, Name, Slug, Description, IsDeleted, CreatedAt, UpdatedAt) VALUES ('2015', 'bottom', 'bottom', NULL, 1, '2026-05-18 09:03:10.0636625', '2026-05-18 09:03:10.0636626');
INSERT INTO Categories (Id, Name, Slug, Description, IsDeleted, CreatedAt, UpdatedAt) VALUES ('3002', 'Gifts', 'gifts', NULL, 0, '2026-05-19 09:10:29.4260051', '2026-05-19 09:10:29.4260052');

-- Table: Products
-- Columns: Id, Name, Description, Price, OriginalPrice, MainImageUrl, SKU, ActualSalesCount, IsTrending, IsNewArrival, CategoryId, CreatedAt, IsOnSale, Subcategory, UpdatedAt, IsDeleted, Status, ManualSalesCount, SizeChartId, RefreshedAt
INSERT INTO Products (Id, Name, Description, Price, OriginalPrice, MainImageUrl, SKU, ActualSalesCount, IsTrending, IsNewArrival, CategoryId, CreatedAt, IsOnSale, Subcategory, UpdatedAt, IsDeleted, Status, ManualSalesCount, SizeChartId, RefreshedAt) VALUES (1, 'Áo thun', '<p>hihi</p>', '299000.00', '400000.00', 'https://res.cloudinary.com/doghoyjzh/image/upload/v1778491603/chaxbxq0xrjtndf9h2nz.jpg', 'GT-001', 1, 0, 1, 1, '2026-05-11 09:26:44.2646846', 0, NULL, '2026-05-12 11:37:35.0277180', 1, 0, '1000', NULL, '2026-05-11 09:26:44.2646846');
INSERT INTO Products (Id, Name, Description, Price, OriginalPrice, MainImageUrl, SKU, ActualSalesCount, IsTrending, IsNewArrival, CategoryId, CreatedAt, IsOnSale, Subcategory, UpdatedAt, IsDeleted, Status, ManualSalesCount, SizeChartId, RefreshedAt) VALUES ('2', 'BADKID T-SHIRT', '<p><span style="color: rgba(0, 0, 0, 0.8); background-color: rgb(255, 255, 255);">✨Thông&nbsp;số&nbsp;sản&nbsp;phẩm:</span></p><p></p><p><span style="color: rgb(72, 72, 72); background-color: rgb(255, 255, 255);">•&nbsp;Size:</span><span style="color: rgba', '390000.00', '480000.00', 'https://res.cloudinary.com/doghoyjzh/image/upload/v1778646499/ztnetqdadzlbn8ktcz4x.png', 'GT-BADKID', 0, 1, 0, 1, '2026-05-13 04:28:20.4246941', 0, NULL, '2026-05-18 08:08:43.0402469', 0, 0, '3150', 1, '2026-05-19 10:02:05.7725168');
INSERT INTO Products (Id, Name, Description, Price, OriginalPrice, MainImageUrl, SKU, ActualSalesCount, IsTrending, IsNewArrival, CategoryId, CreatedAt, IsOnSale, Subcategory, UpdatedAt, IsDeleted, Status, ManualSalesCount, SizeChartId, RefreshedAt) VALUES ('3', 'Áo thun dài tay RACING LONGSLEEVE', '<p><span style="color: rgba(0, 0, 0, 0.8); background-color: rgb(255, 255, 255);">✨Thông&nbsp;số&nbsp;sản&nbsp;phẩm:</span></p><p></p><p><span style="color: rgb(72, 72, 72); background-color: rgb(255, 255, 255);">•&nbsp;Size:</span><span style="color: rgba', '410000.00', '520000.00', 'https://res.cloudinary.com/doghoyjzh/image/upload/v1778647213/deuekbj0djrtebqtieco.png', 'GT-Racing', 0, 1, 0, 1, '2026-05-13 04:40:14.5108921', 0, NULL, '2026-05-18 08:09:19.7669479', 0, 0, '2350', NULL, '2026-05-19 10:02:12.2788698');
INSERT INTO Products (Id, Name, Description, Price, OriginalPrice, MainImageUrl, SKU, ActualSalesCount, IsTrending, IsNewArrival, CategoryId, CreatedAt, IsOnSale, Subcategory, UpdatedAt, IsDeleted, Status, ManualSalesCount, SizeChartId, RefreshedAt) VALUES ('4', 'HUSTLER T-SHIRT', '<p><span style="background-color: rgb(255, 255, 255); color: rgba(0, 0, 0, 0.8);">✨Thông&nbsp;số&nbsp;sản&nbsp;phẩm:</span></p><p></p><p><span style="background-color: rgb(255, 255, 255); color: rgb(72, 72, 72);">•&nbsp;Size:</span><span style="background-', '400000.00', '450000.00', 'https://res.cloudinary.com/doghoyjzh/image/upload/v1778647608/trulfkqclo87uvrw8uw3.jpg', 'GT-HUSTLER', 0, 1, 0, 1, '2026-05-13 04:46:50.5823192', 0, NULL, '2026-05-13 04:46:50.5823193', 0, 0, '1267', 1, '2026-05-19 10:01:58.5702498');
INSERT INTO Products (Id, Name, Description, Price, OriginalPrice, MainImageUrl, SKU, ActualSalesCount, IsTrending, IsNewArrival, CategoryId, CreatedAt, IsOnSale, Subcategory, UpdatedAt, IsDeleted, Status, ManualSalesCount, SizeChartId, RefreshedAt) VALUES ('5', 'POPCORN T-SHIRT / BLACK', '<p><span style="background-color: rgb(255, 255, 255); color: rgba(0, 0, 0, 0.8);">✨Thông&nbsp;số&nbsp;sản&nbsp;phẩm:</span></p><p></p><p><span style="background-color: rgb(255, 255, 255); color: rgb(72, 72, 72);">•&nbsp;Size:</span><span style="background-', '390000.00', '410000.00', 'https://res.cloudinary.com/doghoyjzh/image/upload/v1778899340/e96e00wekf1ldfjqph5n.png', 'GT-POPCORN', 0, 1, 0, 1, '2026-05-13 04:49:51.0044875', 1, NULL, '2026-05-16 02:55:20.4642603', 0, 0, '1025', 1, '2026-05-13 04:49:51.0044875');
INSERT INTO Products (Id, Name, Description, Price, OriginalPrice, MainImageUrl, SKU, ActualSalesCount, IsTrending, IsNewArrival, CategoryId, CreatedAt, IsOnSale, Subcategory, UpdatedAt, IsDeleted, Status, ManualSalesCount, SizeChartId, RefreshedAt) VALUES ('6', 'Áo thun dài tay STAR HORSE - RAGLAN LONGSLEEVE', '<p><span style="color: rgba(0, 0, 0, 0.8); background-color: rgb(255, 255, 255);">✨Thông&nbsp;số&nbsp;sản&nbsp;phẩm:</span></p><p><span style="background-color: rgb(255, 255, 255); color: rgb(72, 72, 72);">•&nbsp;Phối&nbsp;màu:&nbsp;Đen&nbsp;-&nbsp;Trắng</', '399000.00', '490000.00', 'https://res.cloudinary.com/doghoyjzh/image/upload/v1778648136/dvwmgswolqahuhgmnhb7.png', 'GT-STARHORSE', 0, 0, 1, 1, '2026-05-13 04:55:37.3257558', 0, NULL, '2026-05-18 07:58:50.0885480', 0, 0, '631', '7', '2026-05-19 10:02:17.0606729');
INSERT INTO Products (Id, Name, Description, Price, OriginalPrice, MainImageUrl, SKU, ActualSalesCount, IsTrending, IsNewArrival, CategoryId, CreatedAt, IsOnSale, Subcategory, UpdatedAt, IsDeleted, Status, ManualSalesCount, SizeChartId, RefreshedAt) VALUES ('7', 'Áo thun dài tay STAR HORSE - RAGLAN LONGSLEEVE', '<p><span style="color: rgba(0, 0, 0, 0.8); background-color: rgb(255, 255, 255);">✨Thông&nbsp;số&nbsp;sản&nbsp;phẩm:</span></p><p><span style="background-color: rgb(255, 255, 255); color: rgb(72, 72, 72);">•&nbsp;Phối&nbsp;màu:&nbsp;Đỏ&nbsp;-&nbsp;Trắng</s', '399000.00', '490000.00', 'https://res.cloudinary.com/doghoyjzh/image/upload/v1778648365/cbweazoumzqz36ipvrec.png', 'GT-SH RED', 0, 0, 1, 1, '2026-05-13 04:59:26.2811794', 0, NULL, '2026-05-18 07:58:29.3636353', 0, 0, '634', '7', '2026-05-19 10:02:20.4460575');
INSERT INTO Products (Id, Name, Description, Price, OriginalPrice, MainImageUrl, SKU, ActualSalesCount, IsTrending, IsNewArrival, CategoryId, CreatedAt, IsOnSale, Subcategory, UpdatedAt, IsDeleted, Status, ManualSalesCount, SizeChartId, RefreshedAt) VALUES ('8', 'LIL UZI VERT t-shirt', '<p><span style="background-color: rgb(255, 255, 255); color: rgba(0, 0, 0, 0.8);">✨Thông&nbsp;số&nbsp;sản&nbsp;phẩm:</span></p><p></p><p><span style="background-color: rgb(255, 255, 255); color: rgb(72, 72, 72);">•&nbsp;Size:</span><span style="background-', '390000.00', '450000.00', 'https://res.cloudinary.com/doghoyjzh/image/upload/v1778899689/ifkyjvzivbsxn8s0pcrk.png', 'GT-LILUZI', 0, 1, 0, 1, '2026-05-16 02:48:10.0129173', 0, NULL, '2026-05-16 02:48:10.0129173', 0, 0, '976', 1, '2026-05-19 10:02:02.3966668');
INSERT INTO Products (Id, Name, Description, Price, OriginalPrice, MainImageUrl, SKU, ActualSalesCount, IsTrending, IsNewArrival, CategoryId, CreatedAt, IsOnSale, Subcategory, UpdatedAt, IsDeleted, Status, ManualSalesCount, SizeChartId, RefreshedAt) VALUES ('9', 'POPCORN T-SHIRT / RED', '<p><span style="background-color: rgb(255, 255, 255); color: rgba(0, 0, 0, 0.8);">✨Thông&nbsp;số&nbsp;sản&nbsp;phẩm:</span></p><p></p><p><span style="background-color: rgb(255, 255, 255); color: rgb(72, 72, 72);">•&nbsp;Size:</span><span style="background-', '350000.00', '410000.00', 'https://res.cloudinary.com/doghoyjzh/image/upload/v1778899974/mdfdbk3xwkedfwgfywm1.jpg', 'GT-POPCORNRED', 1, 1, 0, 1, '2026-05-16 02:52:55.0952385', 1, NULL, '2026-05-16 02:52:55.0952386', 0, 0, '938', 1, '2026-05-16 02:52:55.0952385');
INSERT INTO Products (Id, Name, Description, Price, OriginalPrice, MainImageUrl, SKU, ActualSalesCount, IsTrending, IsNewArrival, CategoryId, CreatedAt, IsOnSale, Subcategory, UpdatedAt, IsDeleted, Status, ManualSalesCount, SizeChartId, RefreshedAt) VALUES ('10', 'CRACK T-SHIRT', '<p><span style="background-color: rgb(255, 255, 255); color: rgba(0, 0, 0, 0.8);">✨Thông&nbsp;số&nbsp;sản&nbsp;phẩm:</span></p><p></p><p><span style="background-color: rgb(255, 255, 255); color: rgb(72, 72, 72);">•&nbsp;Size:</span><span style="background-', '390000.00', '410000.00', 'https://res.cloudinary.com/doghoyjzh/image/upload/v1778900276/rfr2hi4erttx0ywsgu6z.png', 'GT-CRACK', 0, 1, 0, 1, '2026-05-16 02:57:57.3927744', 0, NULL, '2026-05-16 02:57:57.3927744', 0, 0, '1251', 1, '2026-05-19 10:01:52.0066421');
INSERT INTO Products (Id, Name, Description, Price, OriginalPrice, MainImageUrl, SKU, ActualSalesCount, IsTrending, IsNewArrival, CategoryId, CreatedAt, IsOnSale, Subcategory, UpdatedAt, IsDeleted, Status, ManualSalesCount, SizeChartId, RefreshedAt) VALUES ('11', 'I CAN FLY t-shirt', '<p><span style="color: rgba(0, 0, 0, 0.8); background-color: rgb(255, 255, 255);">✨Thông&nbsp;số&nbsp;sản&nbsp;phẩm:</span></p><p></p><p><span style="color: rgb(72, 72, 72); background-color: rgb(255, 255, 255);">•&nbsp;Size:</span><span style="color: rgba', '390000.00', '450000.00', 'https://res.cloudinary.com/doghoyjzh/image/upload/v1778921319/ebups5j1ybbpmjzfagud.jpg', 'GT-TRAVIS', 0, 1, 0, 1, '2026-05-16 08:48:40.2971685', 0, NULL, '2026-05-16 08:50:54.6662258', 0, 0, '542', NULL, '2026-05-19 10:00:56.3246669');
INSERT INTO Products (Id, Name, Description, Price, OriginalPrice, MainImageUrl, SKU, ActualSalesCount, IsTrending, IsNewArrival, CategoryId, CreatedAt, IsOnSale, Subcategory, UpdatedAt, IsDeleted, Status, ManualSalesCount, SizeChartId, RefreshedAt) VALUES ('12', 'CAPTIVE t-shirt', '<p><span style="background-color: rgb(255, 255, 255); color: rgba(0, 0, 0, 0.8);">✨Thông&nbsp;số&nbsp;sản&nbsp;phẩm:</span></p><p></p><p><span style="background-color: rgb(255, 255, 255); color: rgb(72, 72, 72);">•&nbsp;Size:</span><span style="background-', '390000.00', '450000.00', 'https://res.cloudinary.com/doghoyjzh/image/upload/v1778921744/ltfumcd2nmzbityeqoj8.jpg', 'GT-CAPTIVE', 0, 1, 1, 1, '2026-05-16 08:55:45.0448085', 0, NULL, '2026-05-17 04:38:19.4068989', 0, 0, '342', '3', '2026-05-19 10:01:42.5030220');
INSERT INTO Products (Id, Name, Description, Price, OriginalPrice, MainImageUrl, SKU, ActualSalesCount, IsTrending, IsNewArrival, CategoryId, CreatedAt, IsOnSale, Subcategory, UpdatedAt, IsDeleted, Status, ManualSalesCount, SizeChartId, RefreshedAt) VALUES ('13', 'Áo thun dài tay WOKEN LONGSLEEVE', '<p><span style="background-color: rgb(255, 255, 255); color: rgba(0, 0, 0, 0.8);">✨Thông&nbsp;số&nbsp;sản&nbsp;phẩm:</span></p><p></p><p><span style="background-color: rgb(255, 255, 255); color: rgb(72, 72, 72);">•&nbsp;Size:</span><span style="background-', '399000.00', '490000.00', 'https://res.cloudinary.com/doghoyjzh/image/upload/v1778992348/dvxi1gthxxubrivrtndt.png', 'GT-WOKEN', 1, 1, 1, 1, '2026-05-17 04:32:28.7919083', 0, NULL, '2026-05-17 04:41:51.6073396', 0, 0, '986', '6', '2026-05-19 10:02:25.8698769');
INSERT INTO Products (Id, Name, Description, Price, OriginalPrice, MainImageUrl, SKU, ActualSalesCount, IsTrending, IsNewArrival, CategoryId, CreatedAt, IsOnSale, Subcategory, UpdatedAt, IsDeleted, Status, ManualSalesCount, SizeChartId, RefreshedAt) VALUES ('14', 'GHOST MODE BOXY T-SHIRT', '<p><span style="color: rgba(0, 0, 0, 0.8); background-color: rgb(255, 255, 255);">✨Thông&nbsp;số&nbsp;sản&nbsp;phẩm:</span></p><p></p><p><span style="color: rgb(72, 72, 72); background-color: rgb(255, 255, 255);">•&nbsp;Size:</span><span style="color: rgba', '390000.00', '450000.00', 'https://res.cloudinary.com/doghoyjzh/image/upload/v1778992835/av3n6wy3wthtfouqwsa4.png', 'GT-MODE', 1, 1, 1, 1, '2026-05-17 04:40:36.3258601', 0, NULL, '2026-05-17 04:40:36.3258602', 0, 0, '734', '3', '2026-05-19 10:01:36.8852671');
INSERT INTO Products (Id, Name, Description, Price, OriginalPrice, MainImageUrl, SKU, ActualSalesCount, IsTrending, IsNewArrival, CategoryId, CreatedAt, IsOnSale, Subcategory, UpdatedAt, IsDeleted, Status, ManualSalesCount, SizeChartId, RefreshedAt) VALUES ('15', 'HOW SWEET BOXY T-SHIRT / BLACK', '<p><span style="background-color: rgb(255, 255, 255); color: rgba(0, 0, 0, 0.8);">✨Thông&nbsp;số&nbsp;sản&nbsp;phẩm:</span></p><p></p><p><span style="background-color: rgb(255, 255, 255); color: rgb(72, 72, 72);">•&nbsp;Size:</span><span style="background-', '390000.00', '450000.00', 'https://res.cloudinary.com/doghoyjzh/image/upload/v1778993530/uskw4n1v8v12my2bfwkw.png', 'GT-SWEET', 1, 1, 1, 1, '2026-05-17 04:52:11.0277013', 0, NULL, '2026-05-17 04:52:11.0277014', 0, 0, '582', '3', '2026-05-19 10:01:30.7511127');
INSERT INTO Products (Id, Name, Description, Price, OriginalPrice, MainImageUrl, SKU, ActualSalesCount, IsTrending, IsNewArrival, CategoryId, CreatedAt, IsOnSale, Subcategory, UpdatedAt, IsDeleted, Status, ManualSalesCount, SizeChartId, RefreshedAt) VALUES ('1013', 'MASCOT MESH JERSEY / BLACK', '<p><span style="background-color: rgb(255, 255, 255); color: rgba(0, 0, 0, 0.8);">✨Thông&nbsp;số&nbsp;sản&nbsp;phẩm:</span></p><p></p><p><span style="background-color: rgb(255, 255, 255); color: rgb(72, 72, 72);">•&nbsp;Size:</span><span style="background-', '380000.00', '420000.00', 'https://res.cloudinary.com/doghoyjzh/image/upload/v1779087895/pl1o2ljjda6ig060ae52.jpg', 'GT-MASCOT', 0, 1, 1, 1, '2026-05-18 07:04:56.0554586', 0, NULL, '2026-05-18 07:13:38.9483187', 0, 0, '546', '8', '2026-05-19 10:01:20.3273866');
INSERT INTO Products (Id, Name, Description, Price, OriginalPrice, MainImageUrl, SKU, ActualSalesCount, IsTrending, IsNewArrival, CategoryId, CreatedAt, IsOnSale, Subcategory, UpdatedAt, IsDeleted, Status, ManualSalesCount, SizeChartId, RefreshedAt) VALUES ('1014', 'MASCOT MESH JERSEY / RED', '<p><span style="background-color: rgb(255, 255, 255); color: rgba(0, 0, 0, 0.8);">✨Thông&nbsp;số&nbsp;sản&nbsp;phẩm:</span></p><p></p><p><span style="background-color: rgb(255, 255, 255); color: rgb(72, 72, 72);">•&nbsp;Size:</span><span style="background-', '380000.00', '420000.00', 'https://res.cloudinary.com/doghoyjzh/image/upload/v1779088316/zzugpdncjznhihbaptvs.jpg', 'GT-MASCOT RED', 0, 1, 0, 1, '2026-05-18 07:11:56.6504528', 0, NULL, '2026-05-18 07:11:56.6504529', 0, 0, '561', '8', '2026-05-19 10:01:15.9548528');
INSERT INTO Products (Id, Name, Description, Price, OriginalPrice, MainImageUrl, SKU, ActualSalesCount, IsTrending, IsNewArrival, CategoryId, CreatedAt, IsOnSale, Subcategory, UpdatedAt, IsDeleted, Status, ManualSalesCount, SizeChartId, RefreshedAt) VALUES ('1015', 'HOW SWEET BOXY T-SHIRT / RED', '<p><span style="color: rgba(0, 0, 0, 0.8); background-color: rgb(255, 255, 255);">✨Thông&nbsp;số&nbsp;sản&nbsp;phẩm:</span></p><p></p><p><span style="color: rgb(72, 72, 72); background-color: rgb(255, 255, 255);">•&nbsp;Size:</span><span style="color: rgba', '390000.00', '450000.00', 'https://res.cloudinary.com/doghoyjzh/image/upload/v1779088848/s4d8bndq2scqmoopqcxu.png', 'HOW SWEET RED', 0, 1, 0, 1, '2026-05-18 07:20:49.0950895', 0, NULL, '2026-05-18 07:21:27.8093669', 0, 0, '584', '3', '2026-05-19 10:01:27.6567686');
INSERT INTO Products (Id, Name, Description, Price, OriginalPrice, MainImageUrl, SKU, ActualSalesCount, IsTrending, IsNewArrival, CategoryId, CreatedAt, IsOnSale, Subcategory, UpdatedAt, IsDeleted, Status, ManualSalesCount, SizeChartId, RefreshedAt) VALUES ('1016', 'UZIBOY T-SHIRT', '<p><span style="background-color: rgb(255, 255, 255); color: rgba(0, 0, 0, 0.8);">✨Thông&nbsp;số&nbsp;sản&nbsp;phẩm:</span></p><p></p><p><span style="background-color: rgb(255, 255, 255); color: rgb(72, 72, 72);">•&nbsp;Size:</span><span style="background-', '350000.00', '410000.00', 'https://res.cloudinary.com/doghoyjzh/image/upload/v1779090230/fuxcy2kgot38acf10z2n.png', 'UZIBOY', 0, 1, 0, 1, '2026-05-18 07:32:44.9020708', 0, NULL, '2026-05-18 07:43:51.5584444', 0, 0, '1012', 1, '2026-05-18 07:32:44.9020708');
INSERT INTO Products (Id, Name, Description, Price, OriginalPrice, MainImageUrl, SKU, ActualSalesCount, IsTrending, IsNewArrival, CategoryId, CreatedAt, IsOnSale, Subcategory, UpdatedAt, IsDeleted, Status, ManualSalesCount, SizeChartId, RefreshedAt) VALUES ('1017', '"HOW SWEET" BOXY SWEATER / BLACK', '<p><span style="color: rgba(0, 0, 0, 0.8); background-color: rgb(255, 255, 255);">✨Thông&nbsp;số&nbsp;sản&nbsp;phẩm:</span></p><p></p><p><span style="color: rgb(72, 72, 72); background-color: rgb(255, 255, 255);">•&nbsp;Size:</span><span style="color: rgba', '450000.00', '590000.00', 'https://res.cloudinary.com/doghoyjzh/image/upload/v1779092613/x18w0s6gahgossz6fgyb.png', 'HOW SWEET SWEATER', 0, 1, 0, '3', '2026-05-18 08:23:34.3200330', 0, NULL, '2026-05-18 08:35:38.4268335', 0, 0, '153', '4', '2026-05-19 10:01:00.2315387');
INSERT INTO Products (Id, Name, Description, Price, OriginalPrice, MainImageUrl, SKU, ActualSalesCount, IsTrending, IsNewArrival, CategoryId, CreatedAt, IsOnSale, Subcategory, UpdatedAt, IsDeleted, Status, ManualSalesCount, SizeChartId, RefreshedAt) VALUES ('1018', '"HOW SWEET" BOXY SWEATER / RED', '<p><span style="color: rgba(0, 0, 0, 0.8); background-color: rgb(255, 255, 255);">✨Thông&nbsp;số&nbsp;sản&nbsp;phẩm:</span></p><p></p><p><span style="color: rgb(72, 72, 72); background-color: rgb(255, 255, 255);">•&nbsp;Size:</span><span style="color: rgba', '450000.00', '590000.00', 'https://res.cloudinary.com/doghoyjzh/image/upload/v1779092976/bbzievw8yf8xm5z3ttcx.png', 'HOW SWEET SWEATERH RED', 0, 1, 0, '3', '2026-05-18 08:29:36.9863826', 0, NULL, '2026-05-18 08:36:05.6577340', 0, 0, '122', '4', '2026-05-19 10:01:05.4640335');
INSERT INTO Products (Id, Name, Description, Price, OriginalPrice, MainImageUrl, SKU, ActualSalesCount, IsTrending, IsNewArrival, CategoryId, CreatedAt, IsOnSale, Subcategory, UpdatedAt, IsDeleted, Status, ManualSalesCount, SizeChartId, RefreshedAt) VALUES ('1019', 'LOVE SPELL OVERSIZE HOODIE', '<p><span style="color: rgba(0, 0, 0, 0.8); background-color: rgb(255, 255, 255);">✨Thông&nbsp;số&nbsp;sản&nbsp;phẩm:</span></p><p></p><p><span style="color: rgb(72, 72, 72); background-color: rgb(255, 255, 255);">•&nbsp;Size:</span><span style="color: rgba', '450000.00', '590000.00', 'https://res.cloudinary.com/doghoyjzh/image/upload/v1779093289/ivn7ihyrsmrel1hb3mmy.png', 'HOODIE-LOVE SPELL', 0, 1, 0, '3', '2026-05-18 08:34:49.7747918', 0, NULL, '2026-05-18 08:40:14.2831475', 0, 0, '229', '5', '2026-05-18 08:34:49.7747918');
INSERT INTO Products (Id, Name, Description, Price, OriginalPrice, MainImageUrl, SKU, ActualSalesCount, IsTrending, IsNewArrival, CategoryId, CreatedAt, IsOnSale, Subcategory, UpdatedAt, IsDeleted, Status, ManualSalesCount, SizeChartId, RefreshedAt) VALUES ('1020', 'FLAME OVERSIZE HOODIE', '<p><span style="background-color: rgb(255, 255, 255); color: rgba(0, 0, 0, 0.8);">✨Thông&nbsp;số&nbsp;sản&nbsp;phẩm:</span></p><p></p><p><span style="background-color: rgb(255, 255, 255); color: rgb(72, 72, 72);">•&nbsp;Size:</span><span style="background-', '450000.00', '590000.00', 'https://res.cloudinary.com/doghoyjzh/image/upload/v1779093584/zvxq5xwvcam4usztccbc.png', 'HOODIE-FLAME', 0, 1, 0, '3', '2026-05-18 08:39:44.8407216', 0, NULL, '2026-05-19 08:47:14.3567466', 0, 0, '258', '5', '2026-05-18 08:39:44.8407216');
INSERT INTO Products (Id, Name, Description, Price, OriginalPrice, MainImageUrl, SKU, ActualSalesCount, IsTrending, IsNewArrival, CategoryId, CreatedAt, IsOnSale, Subcategory, UpdatedAt, IsDeleted, Status, ManualSalesCount, SizeChartId, RefreshedAt) VALUES ('1021', 'SCRIPT LOGO NYLON SHORTS', '<p><span style="background-color: rgb(255, 255, 255); color: rgba(0, 0, 0, 0.8);">✨Thông&nbsp;số&nbsp;sản&nbsp;phẩm:</span></p><p></p><p><span style="background-color: rgb(255, 255, 255); color: rgb(72, 72, 72);">•&nbsp;Size:</span><span style="background-', '390000.00', '450000.00', 'https://res.cloudinary.com/doghoyjzh/image/upload/v1779094512/vwzhbck3fagab0r5rpsj.jpg', 'SHORTS-SCRIPT', 0, 1, 0, '2', '2026-05-18 08:55:13.3278837', 0, NULL, '2026-05-18 10:08:13.5963693', 0, 0, '182', NULL, '2026-05-18 08:55:13.3278837');
INSERT INTO Products (Id, Name, Description, Price, OriginalPrice, MainImageUrl, SKU, ActualSalesCount, IsTrending, IsNewArrival, CategoryId, CreatedAt, IsOnSale, Subcategory, UpdatedAt, IsDeleted, Status, ManualSalesCount, SizeChartId, RefreshedAt) VALUES ('2013', 'STONER T-SHIRT / RED', '<p><span style="background-color: rgb(255, 255, 255); color: rgba(0, 0, 0, 0.8);">✨Thông&nbsp;số&nbsp;sản&nbsp;phẩm:</span></p><p></p><p><span style="background-color: rgb(255, 255, 255); color: rgb(72, 72, 72);">•&nbsp;Size:</span><span style="background-', '350000.00', '410000.00', 'https://res.cloudinary.com/doghoyjzh/image/upload/v1779181210/zz1j4zqvb306rinx1hin.png', 'GT-STONER', 0, 0, 0, 1, '2026-05-19 09:00:11.2360074', 1, NULL, '2026-05-19 09:00:11.2360075', 0, 0, '745', 1, '2026-05-19 09:00:11.2360074');
INSERT INTO Products (Id, Name, Description, Price, OriginalPrice, MainImageUrl, SKU, ActualSalesCount, IsTrending, IsNewArrival, CategoryId, CreatedAt, IsOnSale, Subcategory, UpdatedAt, IsDeleted, Status, ManualSalesCount, SizeChartId, RefreshedAt) VALUES ('2014', 'STONER T-SHIRT / BLACK', '<p><span style="background-color: rgb(255, 255, 255); color: rgba(0, 0, 0, 0.8);">✨Thông&nbsp;số&nbsp;sản&nbsp;phẩm:</span></p><p></p><p><span style="background-color: rgb(255, 255, 255); color: rgb(72, 72, 72);">•&nbsp;Size:</span><span style="background-', '350000.00', '410000.00', 'https://res.cloudinary.com/doghoyjzh/image/upload/v1779181408/detd5pfelygh9a4lxddm.jpg', 'GT-STONER2', 0, 0, 0, 1, '2026-05-19 09:03:29.1458255', 1, NULL, '2026-05-19 09:03:29.1458255', 0, 0, '754', 1, '2026-05-19 09:03:29.1458255');
INSERT INTO Products (Id, Name, Description, Price, OriginalPrice, MainImageUrl, SKU, ActualSalesCount, IsTrending, IsNewArrival, CategoryId, CreatedAt, IsOnSale, Subcategory, UpdatedAt, IsDeleted, Status, ManualSalesCount, SizeChartId, RefreshedAt) VALUES ('2015', '(QUÀ TẶNG) SCRIPT LOGO TOTE BAG', '<p><span style="color: rgba(0, 0, 0, 0.8); background-color: rgb(255, 255, 255);">•Túi&nbsp;được&nbsp;tặng&nbsp;kèm&nbsp;với&nbsp;hóa&nbsp;đơn&nbsp;trên&nbsp;350k&nbsp;khi&nbsp;mua&nbsp;tại&nbsp;WEBSITE</span></p><p></p><p><span style="background-color: rg', '100000.00', '100000.00', 'https://res.cloudinary.com/doghoyjzh/image/upload/v1779181714/xwivj5cbhbpbaxdhsxlz.jpg', 'GT-QUÀ', 0, 0, 0, '3002', '2026-05-19 09:08:34.7799487', 0, NULL, '2026-05-19 09:14:21.2971842', 0, 0, '145', NULL, '2026-05-19 09:08:34.7799487');
INSERT INTO Products (Id, Name, Description, Price, OriginalPrice, MainImageUrl, SKU, ActualSalesCount, IsTrending, IsNewArrival, CategoryId, CreatedAt, IsOnSale, Subcategory, UpdatedAt, IsDeleted, Status, ManualSalesCount, SizeChartId, RefreshedAt) VALUES ('2027', 'DON''T GHOST ME BABY TEE / CREAM', '<p><span style="color: rgba(0, 0, 0, 0.8); background-color: rgb(255, 255, 255);">✨Thông&nbsp;số&nbsp;sản&nbsp;phẩm:</span></p><p></p><p><span style="color: rgb(72, 72, 72); background-color: rgb(255, 255, 255);">•&nbsp;Size:</span><span style="color: rgba', '290000.00', '350.00', 'https://res.cloudinary.com/doghoyjzh/image/upload/v1779182939/elciann4iyhyorpqrfr6.png', 'GT-BABYTEE', 0, 0, 0, 1, '2026-05-19 09:29:00.5903214', 0, NULL, '2026-05-19 09:30:58.1312619', 0, 0, '45', 1, '2026-05-19 09:29:00.5903214');
INSERT INTO Products (Id, Name, Description, Price, OriginalPrice, MainImageUrl, SKU, ActualSalesCount, IsTrending, IsNewArrival, CategoryId, CreatedAt, IsOnSale, Subcategory, UpdatedAt, IsDeleted, Status, ManualSalesCount, SizeChartId, RefreshedAt) VALUES ('2028', 'DON''T GHOST ME BABY TEE / GREE', N'<p><span style="color: rgba(0, 0, 0, 0.8); background-color: rgb(255, 255, 255);">✨Thông&nbsp;số&nbsp;sản&nbsp;phẩm:</span></p><p></p><p><span style="color: rgb(72, 72, 72); background-color: rgb(255, 255, 255);">•&nbsp;Size:</span><span style="color: rgba', '290000.00', '350000.00', 'https://res.cloudinary.com/doghoyjzh/image/upload/v1779183243/bwgdjut4diz3v7lwwb8a.png', 'GT-BABYTEE2', 0, 0, 0, 1, '2026-05-19 09:34:04.3681824', 0, NULL, '2026-05-19 09:35:59.4543902', 0, 0, '56', NULL, '2026-05-19 09:34:04.3681824');
INSERT INTO Products (Id, Name, Description, Price, OriginalPrice, MainImageUrl, SKU, ActualSalesCount, IsTrending, IsNewArrival, CategoryId, CreatedAt, IsOnSale, Subcategory, UpdatedAt, IsDeleted, Status, ManualSalesCount, SizeChartId, RefreshedAt) VALUES ('2029', 'SNOOPDOGG X THUOCLAO T-SHIRT / BLACK', '<p><span style="background-color: rgb(255, 255, 255); color: rgba(0, 0, 0, 0.8);">✨Thông&nbsp;số&nbsp;sản&nbsp;phẩm:</span></p><p></p><p><span style="background-color: rgb(255, 255, 255); color: rgb(72, 72, 72);">•&nbsp;Size:</span><span style="background-', '320000.00', '410000.00', 'https://res.cloudinary.com/doghoyjzh/image/upload/v1779183648/zhjzleu7odkh45h4naeq.png', 'GT-THUOCLAO', 0, 0, 0, 1, '2026-05-19 09:40:49.3242465', 1, NULL, '2026-05-19 09:40:49.3242465', 0, 0, '1075', 1, '2026-05-19 09:40:49.3242465');
INSERT INTO Products (Id, Name, Description, Price, OriginalPrice, MainImageUrl, SKU, ActualSalesCount, IsTrending, IsNewArrival, CategoryId, CreatedAt, IsOnSale, Subcategory, UpdatedAt, IsDeleted, Status, ManualSalesCount, SizeChartId, RefreshedAt) VALUES ('2030', 'SNOOPDOGG X THUOCLAO T-SHIRT / RED', '<p><span style="background-color: rgb(255, 255, 255); color: rgba(0, 0, 0, 0.8);">✨Thông&nbsp;số&nbsp;sản&nbsp;phẩm:</span></p><p></p><p><span style="background-color: rgb(255, 255, 255); color: rgb(72, 72, 72);">•&nbsp;Size:</span><span style="background-', '320000.00', '410000.00', 'https://res.cloudinary.com/doghoyjzh/image/upload/v1779183811/csa6xo7u35eyhj5am56k.png', 'GT-THUOCLAO2', 0, 0, 0, 1, '2026-05-19 09:43:31.7751679', 1, NULL, '2026-05-19 09:43:31.7751680', 0, 0, '1020', 1, '2026-05-19 10:00:38.4176279');

-- Table: ProductImages
-- Columns: Id, ProductId, ImageUrl, SortOrder, IsMain
INSERT INTO ProductImages (Id, ProductId, ImageUrl, SortOrder, IsMain) VALUES (1, 1, 'https://res.cloudinary.com/doghoyjzh/image/upload/v1778491604/rwkspcei4bpo6tdtkbkm.jpg', 0, 0);
INSERT INTO ProductImages (Id, ProductId, ImageUrl, SortOrder, IsMain) VALUES ('2', '2', 'https://res.cloudinary.com/doghoyjzh/image/upload/v1778646500/psflva4g3c9inlkzgp3d.png', 0, 0);
INSERT INTO ProductImages (Id, ProductId, ImageUrl, SortOrder, IsMain) VALUES ('3', '2', 'https://res.cloudinary.com/doghoyjzh/image/upload/v1778646503/s8mmg1dbcsnjht4hjwvc.jpg', 0, 0);
INSERT INTO ProductImages (Id, ProductId, ImageUrl, SortOrder, IsMain) VALUES ('4', '2', 'https://res.cloudinary.com/doghoyjzh/image/upload/v1778646504/jztce1fnry1sixbe3sud.jpg', 0, 0);
INSERT INTO ProductImages (Id, ProductId, ImageUrl, SortOrder, IsMain) VALUES ('5', '2', 'https://res.cloudinary.com/doghoyjzh/image/upload/v1778646505/vkcws9easybirpof372u.jpg', 0, 0);
INSERT INTO ProductImages (Id, ProductId, ImageUrl, SortOrder, IsMain) VALUES ('6', '2', 'https://res.cloudinary.com/doghoyjzh/image/upload/v1778646506/azldhaok2wat33r0nhhm.jpg', 0, 0);
INSERT INTO ProductImages (Id, ProductId, ImageUrl, SortOrder, IsMain) VALUES ('7', '2', 'https://res.cloudinary.com/doghoyjzh/image/upload/v1778646506/ytyz9lt3xtsa2c7tmifk.jpg', 0, 0);
INSERT INTO ProductImages (Id, ProductId, ImageUrl, SortOrder, IsMain) VALUES ('8', '2', 'https://res.cloudinary.com/doghoyjzh/image/upload/v1778646507/co796a1clt3x1xhi61o6.jpg', 0, 0);
INSERT INTO ProductImages (Id, ProductId, ImageUrl, SortOrder, IsMain) VALUES ('9', '3', 'https://res.cloudinary.com/doghoyjzh/image/upload/v1778647214/rkd9dbmgaqiz4ok1o33c.jpg', 0, 0);
INSERT INTO ProductImages (Id, ProductId, ImageUrl, SortOrder, IsMain) VALUES ('10', '3', 'https://res.cloudinary.com/doghoyjzh/image/upload/v1778647215/qqlfs2csxap52xlsf8xh.jpg', 0, 0);
INSERT INTO ProductImages (Id, ProductId, ImageUrl, SortOrder, IsMain) VALUES ('11', '3', 'https://res.cloudinary.com/doghoyjzh/image/upload/v1778647217/egukwpau84odb8tzdwd5.jpg', 0, 0);
INSERT INTO ProductImages (Id, ProductId, ImageUrl, SortOrder, IsMain) VALUES ('12', '3', 'https://res.cloudinary.com/doghoyjzh/image/upload/v1778647218/agp6k5r0mb0ib1iv0yvd.jpg', 0, 0);
INSERT INTO ProductImages (Id, ProductId, ImageUrl, SortOrder, IsMain) VALUES ('13', '3', 'https://res.cloudinary.com/doghoyjzh/image/upload/v1778647219/betv5yk1t3zvmft3qagl.jpg', 0, 0);
INSERT INTO ProductImages (Id, ProductId, ImageUrl, SortOrder, IsMain) VALUES ('14', '3', 'https://res.cloudinary.com/doghoyjzh/image/upload/v1778647221/obcjq2rbipuabdzdkx4z.jpg', 0, 0);
INSERT INTO ProductImages (Id, ProductId, ImageUrl, SortOrder, IsMain) VALUES ('15', '3', 'https://res.cloudinary.com/doghoyjzh/image/upload/v1778647222/ykjxrbteexcclbtsbvgs.jpg', 0, 0);
INSERT INTO ProductImages (Id, ProductId, ImageUrl, SortOrder, IsMain) VALUES ('16', '3', 'https://res.cloudinary.com/doghoyjzh/image/upload/v1778647223/yvhiw5m2jwd0xg8xegfr.jpg', 0, 0);
INSERT INTO ProductImages (Id, ProductId, ImageUrl, SortOrder, IsMain) VALUES ('17', '3', 'https://res.cloudinary.com/doghoyjzh/image/upload/v1778647224/cqmkemgprh1soqpeqyvv.jpg', 0, 0);
INSERT INTO ProductImages (Id, ProductId, ImageUrl, SortOrder, IsMain) VALUES ('18', '3', 'https://res.cloudinary.com/doghoyjzh/image/upload/v1778647225/hchtuniex15aj0rausir.jpg', 0, 0);
INSERT INTO ProductImages (Id, ProductId, ImageUrl, SortOrder, IsMain) VALUES ('19', '3', 'https://res.cloudinary.com/doghoyjzh/image/upload/v1778647226/c5oioasmd5ctrtmwuqpk.jpg', 0, 0);
INSERT INTO ProductImages (Id, ProductId, ImageUrl, SortOrder, IsMain) VALUES ('20', '4', 'https://res.cloudinary.com/doghoyjzh/image/upload/v1778647611/q6tpitqhhujixg85renp.jpg', 0, 0);
INSERT INTO ProductImages (Id, ProductId, ImageUrl, SortOrder, IsMain) VALUES ('21', '4', 'https://res.cloudinary.com/doghoyjzh/image/upload/v1778647612/mizix7txzbze1ofpdpuw.jpg', 0, 0);
INSERT INTO ProductImages (Id, ProductId, ImageUrl, SortOrder, IsMain) VALUES ('22', '4', 'https://res.cloudinary.com/doghoyjzh/image/upload/v1778647613/ykf0h4vp1quopubedjlj.jpg', 0, 0);
INSERT INTO ProductImages (Id, ProductId, ImageUrl, SortOrder, IsMain) VALUES ('23', '4', 'https://res.cloudinary.com/doghoyjzh/image/upload/v1778647614/odter4ez4n6vmpf3dpag.jpg', 0, 0);
INSERT INTO ProductImages (Id, ProductId, ImageUrl, SortOrder, IsMain) VALUES ('24', '4', 'https://res.cloudinary.com/doghoyjzh/image/upload/v1778647615/rosgerdl4i1x0ge37ykb.jpg', 0, 0);
INSERT INTO ProductImages (Id, ProductId, ImageUrl, SortOrder, IsMain) VALUES ('25', '4', 'https://res.cloudinary.com/doghoyjzh/image/upload/v1778647616/iq7ey1ntgao7ud8ass4g.jpg', 0, 0);
INSERT INTO ProductImages (Id, ProductId, ImageUrl, SortOrder, IsMain) VALUES ('26', '4', 'https://res.cloudinary.com/doghoyjzh/image/upload/v1778647617/ao0fjzq4bw23vp2qdxkl.jpg', 0, 0);
INSERT INTO ProductImages (Id, ProductId, ImageUrl, SortOrder, IsMain) VALUES ('35', '6', 'https://res.cloudinary.com/doghoyjzh/image/upload/v1778648137/tvcjcefrycyooccpamyt.png', 0, 0);
INSERT INTO ProductImages (Id, ProductId, ImageUrl, SortOrder, IsMain) VALUES ('36', '6', 'https://res.cloudinary.com/doghoyjzh/image/upload/v1778648138/w9apff4npvwxpx9rdmad.jpg', 0, 0);
INSERT INTO ProductImages (Id, ProductId, ImageUrl, SortOrder, IsMain) VALUES ('37', '6', 'https://res.cloudinary.com/doghoyjzh/image/upload/v1778648139/sjxvqnbu6y5bo38afl66.jpg', 0, 0);
INSERT INTO ProductImages (Id, ProductId, ImageUrl, SortOrder, IsMain) VALUES ('38', '6', 'https://res.cloudinary.com/doghoyjzh/image/upload/v1778648140/pcabfuhqttawez4pgrjp.jpg', 0, 0);
INSERT INTO ProductImages (Id, ProductId, ImageUrl, SortOrder, IsMain) VALUES ('39', '6', 'https://res.cloudinary.com/doghoyjzh/image/upload/v1778648142/m4kszi22gieytibff1gv.jpg', 0, 0);
INSERT INTO ProductImages (Id, ProductId, ImageUrl, SortOrder, IsMain) VALUES ('40', '6', 'https://res.cloudinary.com/doghoyjzh/image/upload/v1778648143/nwvrdlmlpmiatjdd1j1h.jpg', 0, 0);
INSERT INTO ProductImages (Id, ProductId, ImageUrl, SortOrder, IsMain) VALUES ('41', '6', 'https://res.cloudinary.com/doghoyjzh/image/upload/v1778648144/vnm9iqhoi3hkgchxighc.jpg', 0, 0);
INSERT INTO ProductImages (Id, ProductId, ImageUrl, SortOrder, IsMain) VALUES ('42', '6', 'https://res.cloudinary.com/doghoyjzh/image/upload/v1778648145/raeodo8eqqpaenjmmj6f.jpg', 0, 0);
INSERT INTO ProductImages (Id, ProductId, ImageUrl, SortOrder, IsMain) VALUES ('43', '7', 'https://res.cloudinary.com/doghoyjzh/image/upload/v1778648366/dsoqdnuhdiyb3o7uleid.png', 0, 0);
INSERT INTO ProductImages (Id, ProductId, ImageUrl, SortOrder, IsMain) VALUES ('44', '7', 'https://res.cloudinary.com/doghoyjzh/image/upload/v1778648367/h58lpmujbub6lh01sibo.jpg', 0, 0);
INSERT INTO ProductImages (Id, ProductId, ImageUrl, SortOrder, IsMain) VALUES ('45', '7', 'https://res.cloudinary.com/doghoyjzh/image/upload/v1778648368/fraoln9p1znwcumpxzji.jpg', 0, 0);
INSERT INTO ProductImages (Id, ProductId, ImageUrl, SortOrder, IsMain) VALUES ('46', '7', 'https://res.cloudinary.com/doghoyjzh/image/upload/v1778648369/eupdyabgawsxkwijwtrm.jpg', 0, 0);
INSERT INTO ProductImages (Id, ProductId, ImageUrl, SortOrder, IsMain) VALUES ('47', '7', 'https://res.cloudinary.com/doghoyjzh/image/upload/v1778648369/fhwswgbf8cgrylgvgya2.jpg', 0, 0);
INSERT INTO ProductImages (Id, ProductId, ImageUrl, SortOrder, IsMain) VALUES ('48', '7', 'https://res.cloudinary.com/doghoyjzh/image/upload/v1778898738/dvt52six0ae4q8nzju1g.png', 0, 0);
INSERT INTO ProductImages (Id, ProductId, ImageUrl, SortOrder, IsMain) VALUES ('49', '6', 'https://res.cloudinary.com/doghoyjzh/image/upload/v1778898766/ohz7nisjsxcy2kotgtcc.png', 0, 0);
INSERT INTO ProductImages (Id, ProductId, ImageUrl, SortOrder, IsMain) VALUES ('50', '5', 'https://res.cloudinary.com/doghoyjzh/image/upload/v1778899341/m0vydlp3ejivzr7hmtyb.png', 0, 0);
INSERT INTO ProductImages (Id, ProductId, ImageUrl, SortOrder, IsMain) VALUES ('51', '5', 'https://res.cloudinary.com/doghoyjzh/image/upload/v1778899342/l8ud8nk6ztpyjra8fcsr.jpg', 0, 0);
INSERT INTO ProductImages (Id, ProductId, ImageUrl, SortOrder, IsMain) VALUES ('52', '5', 'https://res.cloudinary.com/doghoyjzh/image/upload/v1778899343/rujlnhmkiaqc9dzy5tbj.jpg', 0, 0);
INSERT INTO ProductImages (Id, ProductId, ImageUrl, SortOrder, IsMain) VALUES ('53', '5', 'https://res.cloudinary.com/doghoyjzh/image/upload/v1778899344/p3b64qtgvjmm03dyjx1a.png', 0, 0);
INSERT INTO ProductImages (Id, ProductId, ImageUrl, SortOrder, IsMain) VALUES ('54', '5', 'https://res.cloudinary.com/doghoyjzh/image/upload/v1778899345/oufbljyegls4q5lzwnlx.png', 0, 0);
INSERT INTO ProductImages (Id, ProductId, ImageUrl, SortOrder, IsMain) VALUES ('55', '5', 'https://res.cloudinary.com/doghoyjzh/image/upload/v1778899430/ftvyipxepkxv5t2qgat2.jpg', 0, 0);
INSERT INTO ProductImages (Id, ProductId, ImageUrl, SortOrder, IsMain) VALUES ('56', '5', 'https://res.cloudinary.com/doghoyjzh/image/upload/v1778899431/q8wv8vnjfh3c6mktmmln.jpg', 0, 0);
INSERT INTO ProductImages (Id, ProductId, ImageUrl, SortOrder, IsMain) VALUES ('57', '5', 'https://res.cloudinary.com/doghoyjzh/image/upload/v1778899431/kyxdn3ua95lrvz2iy7yt.jpg', 0, 0);
INSERT INTO ProductImages (Id, ProductId, ImageUrl, SortOrder, IsMain) VALUES ('58', '8', 'https://res.cloudinary.com/doghoyjzh/image/upload/v1778899690/coyv9wgdl8dszqs5uqtf.png', 0, 0);
INSERT INTO ProductImages (Id, ProductId, ImageUrl, SortOrder, IsMain) VALUES ('59', '8', 'https://res.cloudinary.com/doghoyjzh/image/upload/v1778899691/ev9zru4mesci86e4rxzr.jpg', 0, 0);
INSERT INTO ProductImages (Id, ProductId, ImageUrl, SortOrder, IsMain) VALUES ('60', '8', 'https://res.cloudinary.com/doghoyjzh/image/upload/v1778899692/qr4nauzkhwfs5pa8enyb.jpg', 0, 0);
INSERT INTO ProductImages (Id, ProductId, ImageUrl, SortOrder, IsMain) VALUES ('61', '8', 'https://res.cloudinary.com/doghoyjzh/image/upload/v1778899692/gcqcgxbx9vzmcvqpffsy.jpg', 0, 0);
INSERT INTO ProductImages (Id, ProductId, ImageUrl, SortOrder, IsMain) VALUES ('62', '8', 'https://res.cloudinary.com/doghoyjzh/image/upload/v1778899693/sm469eqki8uf8urmcgiw.jpg', 0, 0);
INSERT INTO ProductImages (Id, ProductId, ImageUrl, SortOrder, IsMain) VALUES ('63', '8', 'https://res.cloudinary.com/doghoyjzh/image/upload/v1778899695/inhoo73rtnro5zfhwamu.jpg', 0, 0);
INSERT INTO ProductImages (Id, ProductId, ImageUrl, SortOrder, IsMain) VALUES ('64', '8', 'https://res.cloudinary.com/doghoyjzh/image/upload/v1778899696/f2wpx0sp15bbt4iagxzk.jpg', 0, 0);
INSERT INTO ProductImages (Id, ProductId, ImageUrl, SortOrder, IsMain) VALUES ('65', '8', 'https://res.cloudinary.com/doghoyjzh/image/upload/v1778899697/zp3dfuymfoyhlgqswfmo.jpg', 0, 0);
INSERT INTO ProductImages (Id, ProductId, ImageUrl, SortOrder, IsMain) VALUES ('66', '9', 'https://res.cloudinary.com/doghoyjzh/image/upload/v1778899975/vigberpz09mm2wv8xymo.png', 0, 0);
INSERT INTO ProductImages (Id, ProductId, ImageUrl, SortOrder, IsMain) VALUES ('67', '9', 'https://res.cloudinary.com/doghoyjzh/image/upload/v1778899976/gtdhk2ye7914gpmcb9c7.jpg', 0, 0);
INSERT INTO ProductImages (Id, ProductId, ImageUrl, SortOrder, IsMain) VALUES ('68', '9', 'https://res.cloudinary.com/doghoyjzh/image/upload/v1778899977/hqnmiijueujkjdr43bhv.jpg', 0, 0);
INSERT INTO ProductImages (Id, ProductId, ImageUrl, SortOrder, IsMain) VALUES ('69', '9', 'https://res.cloudinary.com/doghoyjzh/image/upload/v1778899978/tbt0kxo8px1slecd4nrf.jpg', 0, 0);
INSERT INTO ProductImages (Id, ProductId, ImageUrl, SortOrder, IsMain) VALUES ('70', '10', 'https://res.cloudinary.com/doghoyjzh/image/upload/v1778900277/pvfheyecin54t5knlvmd.png', 0, 0);
INSERT INTO ProductImages (Id, ProductId, ImageUrl, SortOrder, IsMain) VALUES ('71', '10', 'https://res.cloudinary.com/doghoyjzh/image/upload/v1778900279/sqnol9rkslyj4ppjnbar.jpg', 0, 0);
INSERT INTO ProductImages (Id, ProductId, ImageUrl, SortOrder, IsMain) VALUES ('72', '10', 'https://res.cloudinary.com/doghoyjzh/image/upload/v1778900279/c09eiwz8bvmjjrqpshj7.jpg', 0, 0);
INSERT INTO ProductImages (Id, ProductId, ImageUrl, SortOrder, IsMain) VALUES ('73', '10', 'https://res.cloudinary.com/doghoyjzh/image/upload/v1778900280/trhlboogdrgvwi1p0fbv.jpg', 0, 0);
INSERT INTO ProductImages (Id, ProductId, ImageUrl, SortOrder, IsMain) VALUES ('74', '10', 'https://res.cloudinary.com/doghoyjzh/image/upload/v1778900281/c4wtcxd2kawigemhgsbn.png', 0, 0);
INSERT INTO ProductImages (Id, ProductId, ImageUrl, SortOrder, IsMain) VALUES ('75', '10', 'https://res.cloudinary.com/doghoyjzh/image/upload/v1778900282/rmzmlpxa9qhkfjj0zvow.png', 0, 0);
INSERT INTO ProductImages (Id, ProductId, ImageUrl, SortOrder, IsMain) VALUES ('76', '10', 'https://res.cloudinary.com/doghoyjzh/image/upload/v1778900283/rypcerhpvrn9nik2sw87.png', 0, 0);
INSERT INTO ProductImages (Id, ProductId, ImageUrl, SortOrder, IsMain) VALUES ('77', '10', 'https://res.cloudinary.com/doghoyjzh/image/upload/v1778900283/lha6bu7xpk08qxjkk9zy.png', 0, 0);
INSERT INTO ProductImages (Id, ProductId, ImageUrl, SortOrder, IsMain) VALUES ('78', '10', 'https://res.cloudinary.com/doghoyjzh/image/upload/v1778900285/j7lutwlko4hern4v33lz.jpg', 0, 0);
INSERT INTO ProductImages (Id, ProductId, ImageUrl, SortOrder, IsMain) VALUES ('79', '11', 'https://res.cloudinary.com/doghoyjzh/image/upload/v1778921320/z4chinhligd1ptjmgsbh.jpg', 0, 0);
INSERT INTO ProductImages (Id, ProductId, ImageUrl, SortOrder, IsMain) VALUES ('80', '11', 'https://res.cloudinary.com/doghoyjzh/image/upload/v1778921321/vek6gkkbjl3zbpljxbxu.jpg', 0, 0);
INSERT INTO ProductImages (Id, ProductId, ImageUrl, SortOrder, IsMain) VALUES ('81', '11', 'https://res.cloudinary.com/doghoyjzh/image/upload/v1778921322/wlf7ig7rtspnlf3aa6mh.jpg', 0, 0);
INSERT INTO ProductImages (Id, ProductId, ImageUrl, SortOrder, IsMain) VALUES ('82', '11', 'https://res.cloudinary.com/doghoyjzh/image/upload/v1778921323/gnrde9pouaphfgg0qbwl.jpg', 0, 0);
INSERT INTO ProductImages (Id, ProductId, ImageUrl, SortOrder, IsMain) VALUES ('85', '11', 'https://res.cloudinary.com/doghoyjzh/image/upload/v1778921435/aq4iabrzdrvqqf5dxtak.jpg', 0, 0);
INSERT INTO ProductImages (Id, ProductId, ImageUrl, SortOrder, IsMain) VALUES ('86', '11', 'https://res.cloudinary.com/doghoyjzh/image/upload/v1778921436/xffypxjq3xwc2gkgtuom.jpg', 0, 0);
INSERT INTO ProductImages (Id, ProductId, ImageUrl, SortOrder, IsMain) VALUES ('87', '11', 'https://res.cloudinary.com/doghoyjzh/image/upload/v1778921438/ma0xz4aqep9bpetip9vo.jpg', 0, 0);
INSERT INTO ProductImages (Id, ProductId, ImageUrl, SortOrder, IsMain) VALUES ('88', '11', 'https://res.cloudinary.com/doghoyjzh/image/upload/v1778921439/vz3cr23er9zhmjpx8osq.jpg', 0, 0);
INSERT INTO ProductImages (Id, ProductId, ImageUrl, SortOrder, IsMain) VALUES ('89', '12', 'https://res.cloudinary.com/doghoyjzh/image/upload/v1778921745/f8tow3i6cpnoyi9d2n0f.png', 0, 0);
INSERT INTO ProductImages (Id, ProductId, ImageUrl, SortOrder, IsMain) VALUES ('90', '12', 'https://res.cloudinary.com/doghoyjzh/image/upload/v1778921746/bo5v5u8lipdirdqgtoco.jpg', 0, 0);
INSERT INTO ProductImages (Id, ProductId, ImageUrl, SortOrder, IsMain) VALUES ('91', '12', 'https://res.cloudinary.com/doghoyjzh/image/upload/v1778921747/bhujlhgzkiatyow0qtn0.jpg', 0, 0);
INSERT INTO ProductImages (Id, ProductId, ImageUrl, SortOrder, IsMain) VALUES ('92', '12', 'https://res.cloudinary.com/doghoyjzh/image/upload/v1778921748/gcsxmxfndqooqydeqmuh.jpg', 0, 0);
INSERT INTO ProductImages (Id, ProductId, ImageUrl, SortOrder, IsMain) VALUES ('93', '12', 'https://res.cloudinary.com/doghoyjzh/image/upload/v1778921749/c5ska3hxxtpifp0nfoja.jpg', 0, 0);
INSERT INTO ProductImages (Id, ProductId, ImageUrl, SortOrder, IsMain) VALUES ('94', '12', 'https://res.cloudinary.com/doghoyjzh/image/upload/v1778921750/lyj9orcav9fqhcjehtxs.jpg', 0, 0);
INSERT INTO ProductImages (Id, ProductId, ImageUrl, SortOrder, IsMain) VALUES ('95', '12', 'https://res.cloudinary.com/doghoyjzh/image/upload/v1778921751/bc6qqoivm5upk5om3a6e.jpg', 0, 0);
INSERT INTO ProductImages (Id, ProductId, ImageUrl, SortOrder, IsMain) VALUES ('96', '12', 'https://res.cloudinary.com/doghoyjzh/image/upload/v1778921752/yffvcjigy6qfvqry25nf.jpg', 0, 0);
INSERT INTO ProductImages (Id, ProductId, ImageUrl, SortOrder, IsMain) VALUES ('97', '12', 'https://res.cloudinary.com/doghoyjzh/image/upload/v1778921753/aj1bwbabslncpregsobe.jpg', 0, 0);
INSERT INTO ProductImages (Id, ProductId, ImageUrl, SortOrder, IsMain) VALUES ('98', '13', 'https://res.cloudinary.com/doghoyjzh/image/upload/v1778992349/w0iuzmynrgxnul9gpmhb.png', 0, 0);
INSERT INTO ProductImages (Id, ProductId, ImageUrl, SortOrder, IsMain) VALUES ('99', '13', 'https://res.cloudinary.com/doghoyjzh/image/upload/v1778992350/zzvwyfcuapqvgrynhxcy.jpg', 0, 0);
INSERT INTO ProductImages (Id, ProductId, ImageUrl, SortOrder, IsMain) VALUES ('100', '13', 'https://res.cloudinary.com/doghoyjzh/image/upload/v1778992351/kwxvwiu823zhop08whoh.jpg', 0, 0);
INSERT INTO ProductImages (Id, ProductId, ImageUrl, SortOrder, IsMain) VALUES ('101', '13', 'https://res.cloudinary.com/doghoyjzh/image/upload/v1778992352/h8sodioitp3atnmmtcsa.jpg', 0, 0);
INSERT INTO ProductImages (Id, ProductId, ImageUrl, SortOrder, IsMain) VALUES ('102', '13', 'https://res.cloudinary.com/doghoyjzh/image/upload/v1778992353/dryckbhrjo60kgp2q5k9.jpg', 0, 0);
INSERT INTO ProductImages (Id, ProductId, ImageUrl, SortOrder, IsMain) VALUES ('103', '13', 'https://res.cloudinary.com/doghoyjzh/image/upload/v1778992354/dlvx44gbflv0ynl0ty5v.jpg', 0, 0);
INSERT INTO ProductImages (Id, ProductId, ImageUrl, SortOrder, IsMain) VALUES ('104', '13', 'https://res.cloudinary.com/doghoyjzh/image/upload/v1778992354/opbnpj418mjjvkhr7omv.jpg', 0, 0);
INSERT INTO ProductImages (Id, ProductId, ImageUrl, SortOrder, IsMain) VALUES ('105', '14', 'https://res.cloudinary.com/doghoyjzh/image/upload/v1778992836/i8hxdyfmohi2ogjdaf8p.png', 0, 0);
INSERT INTO ProductImages (Id, ProductId, ImageUrl, SortOrder, IsMain) VALUES ('106', '14', 'https://res.cloudinary.com/doghoyjzh/image/upload/v1778992838/k8bnrcmhetdmwqsbaphc.jpg', 0, 0);
INSERT INTO ProductImages (Id, ProductId, ImageUrl, SortOrder, IsMain) VALUES ('107', '14', 'https://res.cloudinary.com/doghoyjzh/image/upload/v1778992840/asc06lg5yclx9qnthq8c.jpg', 0, 0);
INSERT INTO ProductImages (Id, ProductId, ImageUrl, SortOrder, IsMain) VALUES ('108', '14', 'https://res.cloudinary.com/doghoyjzh/image/upload/v1778992841/nun4wwjum4rxxjfjanbx.jpg', 0, 0);
INSERT INTO ProductImages (Id, ProductId, ImageUrl, SortOrder, IsMain) VALUES ('109', '14', 'https://res.cloudinary.com/doghoyjzh/image/upload/v1778992842/qyoxjxvaz8jueactso40.jpg', 0, 0);
INSERT INTO ProductImages (Id, ProductId, ImageUrl, SortOrder, IsMain) VALUES ('110', '14', 'https://res.cloudinary.com/doghoyjzh/image/upload/v1778992843/eleyln0vfoqasf7lf1c9.jpg', 0, 0);
INSERT INTO ProductImages (Id, ProductId, ImageUrl, SortOrder, IsMain) VALUES ('111', '14', 'https://res.cloudinary.com/doghoyjzh/image/upload/v1778992844/ldywllx3bgl5acha4auv.jpg', 0, 0);
INSERT INTO ProductImages (Id, ProductId, ImageUrl, SortOrder, IsMain) VALUES ('112', '14', 'https://res.cloudinary.com/doghoyjzh/image/upload/v1778992844/zpvlvf2lacuoatbbjmpi.jpg', 0, 0);
INSERT INTO ProductImages (Id, ProductId, ImageUrl, SortOrder, IsMain) VALUES ('113', '14', 'https://res.cloudinary.com/doghoyjzh/image/upload/v1778992845/zfoz8ucrebx20jt6qsqa.jpg', 0, 0);
INSERT INTO ProductImages (Id, ProductId, ImageUrl, SortOrder, IsMain) VALUES ('114', '14', 'https://res.cloudinary.com/doghoyjzh/image/upload/v1778992846/e3ntqbyhkfh8ysdb6uai.jpg', 0, 0);
INSERT INTO ProductImages (Id, ProductId, ImageUrl, SortOrder, IsMain) VALUES ('115', '14', 'https://res.cloudinary.com/doghoyjzh/image/upload/v1778992847/zar78t19aginj6kwnd2l.jpg', 0, 0);
INSERT INTO ProductImages (Id, ProductId, ImageUrl, SortOrder, IsMain) VALUES ('116', '15', 'https://res.cloudinary.com/doghoyjzh/image/upload/v1778993531/dno0wg0qu4pz1n6gdv2u.png', 0, 0);
INSERT INTO ProductImages (Id, ProductId, ImageUrl, SortOrder, IsMain) VALUES ('117', '15', 'https://res.cloudinary.com/doghoyjzh/image/upload/v1778993532/lwhrjnpduypwgdcsxbso.jpg', 0, 0);
INSERT INTO ProductImages (Id, ProductId, ImageUrl, SortOrder, IsMain) VALUES ('118', '15', 'https://res.cloudinary.com/doghoyjzh/image/upload/v1778993532/iv2lzj0e5ibtbevf3knr.jpg', 0, 0);
INSERT INTO ProductImages (Id, ProductId, ImageUrl, SortOrder, IsMain) VALUES ('119', '15', 'https://res.cloudinary.com/doghoyjzh/image/upload/v1778993533/k9gwd9qo4gmn5vk1o0bv.jpg', 0, 0);
INSERT INTO ProductImages (Id, ProductId, ImageUrl, SortOrder, IsMain) VALUES ('120', '15', 'https://res.cloudinary.com/doghoyjzh/image/upload/v1778993534/rgyfghxywcfmnz1tqwtl.jpg', 0, 0);
INSERT INTO ProductImages (Id, ProductId, ImageUrl, SortOrder, IsMain) VALUES ('121', '15', 'https://res.cloudinary.com/doghoyjzh/image/upload/v1778993535/ibkqh3n41mc4txu08ki9.jpg', 0, 0);
INSERT INTO ProductImages (Id, ProductId, ImageUrl, SortOrder, IsMain) VALUES ('122', '15', 'https://res.cloudinary.com/doghoyjzh/image/upload/v1778993536/xfgjzyypmpj9hxec5wgr.jpg', 0, 0);
INSERT INTO ProductImages (Id, ProductId, ImageUrl, SortOrder, IsMain) VALUES ('123', '15', 'https://res.cloudinary.com/doghoyjzh/image/upload/v1778993536/n4iebehmqvnudsmfhph4.jpg', 0, 0);
INSERT INTO ProductImages (Id, ProductId, ImageUrl, SortOrder, IsMain) VALUES ('1098', '1013', 'https://res.cloudinary.com/doghoyjzh/image/upload/v1779087896/hpx4kekxflvtg0pavzfu.jpg', 0, 0);
INSERT INTO ProductImages (Id, ProductId, ImageUrl, SortOrder, IsMain) VALUES ('1099', '1013', 'https://res.cloudinary.com/doghoyjzh/image/upload/v1779087897/dznrxg6nrp6ojrihbsvg.jpg', 0, 0);
INSERT INTO ProductImages (Id, ProductId, ImageUrl, SortOrder, IsMain) VALUES ('1100', '1013', 'https://res.cloudinary.com/doghoyjzh/image/upload/v1779087897/unpqp5oqpxzus9gtrcef.jpg', 0, 0);
INSERT INTO ProductImages (Id, ProductId, ImageUrl, SortOrder, IsMain) VALUES ('1101', '1013', 'https://res.cloudinary.com/doghoyjzh/image/upload/v1779087898/ncb6cstndgrqupzxavd9.jpg', 0, 0);
INSERT INTO ProductImages (Id, ProductId, ImageUrl, SortOrder, IsMain) VALUES ('1102', '1013', 'https://res.cloudinary.com/doghoyjzh/image/upload/v1779087899/io0uvaaquyj6zj9o5wwm.jpg', 0, 0);
INSERT INTO ProductImages (Id, ProductId, ImageUrl, SortOrder, IsMain) VALUES ('1103', '1013', 'https://res.cloudinary.com/doghoyjzh/image/upload/v1779087900/xy8tqyhazcyhfgkmobq4.jpg', 0, 0);
INSERT INTO ProductImages (Id, ProductId, ImageUrl, SortOrder, IsMain) VALUES ('1104', '1014', 'https://res.cloudinary.com/doghoyjzh/image/upload/v1779088317/mj6makvizpudovvgngp4.jpg', 0, 0);
INSERT INTO ProductImages (Id, ProductId, ImageUrl, SortOrder, IsMain) VALUES ('1105', '1014', 'https://res.cloudinary.com/doghoyjzh/image/upload/v1779088317/tnzrqgb7bmoozgac1aie.jpg', 0, 0);
INSERT INTO ProductImages (Id, ProductId, ImageUrl, SortOrder, IsMain) VALUES ('1106', '1014', 'https://res.cloudinary.com/doghoyjzh/image/upload/v1779088318/ftxbzlc5ypm33pvlwibj.jpg', 0, 0);
INSERT INTO ProductImages (Id, ProductId, ImageUrl, SortOrder, IsMain) VALUES ('1107', '1014', 'https://res.cloudinary.com/doghoyjzh/image/upload/v1779088319/vv0uge49wsa085qy9gvn.jpg', 0, 0);
INSERT INTO ProductImages (Id, ProductId, ImageUrl, SortOrder, IsMain) VALUES ('1108', '1014', 'https://res.cloudinary.com/doghoyjzh/image/upload/v1779088320/wudngi0y2pqpvvnkyxdl.jpg', 0, 0);
INSERT INTO ProductImages (Id, ProductId, ImageUrl, SortOrder, IsMain) VALUES ('1109', '1014', 'https://res.cloudinary.com/doghoyjzh/image/upload/v1779088320/j1cvn67ghjlp7zqoou22.jpg', 0, 0);
INSERT INTO ProductImages (Id, ProductId, ImageUrl, SortOrder, IsMain) VALUES ('1110', '1014', 'https://res.cloudinary.com/doghoyjzh/image/upload/v1779088321/wzrq55smr7m4hvvwztgj.jpg', 0, 0);
INSERT INTO ProductImages (Id, ProductId, ImageUrl, SortOrder, IsMain) VALUES ('1111', '1013', 'https://res.cloudinary.com/doghoyjzh/image/upload/v1779088420/r9pavcgsuhwl60kzgrtz.jpg', 0, 0);
INSERT INTO ProductImages (Id, ProductId, ImageUrl, SortOrder, IsMain) VALUES ('1112', '2', 'https://res.cloudinary.com/doghoyjzh/image/upload/v1779088466/qonb7mo7nrabjg4wv1k2.jpg', 0, 0);
INSERT INTO ProductImages (Id, ProductId, ImageUrl, SortOrder, IsMain) VALUES ('1113', '1015', 'https://res.cloudinary.com/doghoyjzh/image/upload/v1779088849/phai9pabi1zv5hiwthfr.png', 0, 0);
INSERT INTO ProductImages (Id, ProductId, ImageUrl, SortOrder, IsMain) VALUES ('1114', '1015', 'https://res.cloudinary.com/doghoyjzh/image/upload/v1779088850/j5xp5mv90upi5mc5csr9.jpg', 0, 0);
INSERT INTO ProductImages (Id, ProductId, ImageUrl, SortOrder, IsMain) VALUES ('1115', '1015', 'https://res.cloudinary.com/doghoyjzh/image/upload/v1779088851/egual55ipekl7axxzlnc.jpg', 0, 0);
INSERT INTO ProductImages (Id, ProductId, ImageUrl, SortOrder, IsMain) VALUES ('1116', '1015', 'https://res.cloudinary.com/doghoyjzh/image/upload/v1779088852/bkpfkzpbxi9nnmk4qwpy.jpg', 0, 0);
INSERT INTO ProductImages (Id, ProductId, ImageUrl, SortOrder, IsMain) VALUES ('1117', '1015', 'https://res.cloudinary.com/doghoyjzh/image/upload/v1779088853/gvpgojojm7irqdafqprs.jpg', 0, 0);
INSERT INTO ProductImages (Id, ProductId, ImageUrl, SortOrder, IsMain) VALUES ('1118', '1015', 'https://res.cloudinary.com/doghoyjzh/image/upload/v1779088854/r6kqqdjt9z6gvjonkqd4.jpg', 0, 0);
INSERT INTO ProductImages (Id, ProductId, ImageUrl, SortOrder, IsMain) VALUES ('1119', '1015', 'https://res.cloudinary.com/doghoyjzh/image/upload/v1779088855/rqjjye2nl4p7cqz6edni.jpg', 0, 0);
INSERT INTO ProductImages (Id, ProductId, ImageUrl, SortOrder, IsMain) VALUES ('1121', '1016', 'https://res.cloudinary.com/doghoyjzh/image/upload/v1779089566/y2h5uvo84iplv5nepf6q.jpg', 0, 0);
INSERT INTO ProductImages (Id, ProductId, ImageUrl, SortOrder, IsMain) VALUES ('1122', '1016', 'https://res.cloudinary.com/doghoyjzh/image/upload/v1779089567/ueioxtc3zoitivqvgqzd.jpg', 0, 0);
INSERT INTO ProductImages (Id, ProductId, ImageUrl, SortOrder, IsMain) VALUES ('1123', '1016', 'https://res.cloudinary.com/doghoyjzh/image/upload/v1779089568/fjpbaito0aqvtvowc2ol.png', 0, 0);
INSERT INTO ProductImages (Id, ProductId, ImageUrl, SortOrder, IsMain) VALUES ('1124', '1016', 'https://res.cloudinary.com/doghoyjzh/image/upload/v1779089569/gdd8b9ci7ul8kh22dp2h.jpg', 0, 0);
INSERT INTO ProductImages (Id, ProductId, ImageUrl, SortOrder, IsMain) VALUES ('1125', '1016', 'https://res.cloudinary.com/doghoyjzh/image/upload/v1779090231/m28z4kswhzafvquftitp.png', 0, 0);
INSERT INTO ProductImages (Id, ProductId, ImageUrl, SortOrder, IsMain) VALUES ('1126', '1017', 'https://res.cloudinary.com/doghoyjzh/image/upload/v1779092614/xnmaplfr3xqwqjziuxhl.png', 0, 0);
INSERT INTO ProductImages (Id, ProductId, ImageUrl, SortOrder, IsMain) VALUES ('1127', '1017', 'https://res.cloudinary.com/doghoyjzh/image/upload/v1779092615/t2durlr5wmw9rec0lbjh.jpg', 0, 0);
INSERT INTO ProductImages (Id, ProductId, ImageUrl, SortOrder, IsMain) VALUES ('1128', '1017', 'https://res.cloudinary.com/doghoyjzh/image/upload/v1779092616/vmqk9lyscq1uc7nfyaet.jpg', 0, 0);
INSERT INTO ProductImages (Id, ProductId, ImageUrl, SortOrder, IsMain) VALUES ('1129', '1017', 'https://res.cloudinary.com/doghoyjzh/image/upload/v1779092617/uamglxq03hrash07xfvi.jpg', 0, 0);
INSERT INTO ProductImages (Id, ProductId, ImageUrl, SortOrder, IsMain) VALUES ('1130', '1017', 'https://res.cloudinary.com/doghoyjzh/image/upload/v1779092618/ibfqlkb3oubkdd6oshfs.jpg', 0, 0);
INSERT INTO ProductImages (Id, ProductId, ImageUrl, SortOrder, IsMain) VALUES ('1132', '1017', 'https://res.cloudinary.com/doghoyjzh/image/upload/v1779092620/anqcn192eigzs3ebgfcg.jpg', 0, 0);
INSERT INTO ProductImages (Id, ProductId, ImageUrl, SortOrder, IsMain) VALUES ('1133', '1017', 'https://res.cloudinary.com/doghoyjzh/image/upload/v1779092755/lvzpjplopwyzvn6unlgf.jpg', 0, 0);
INSERT INTO ProductImages (Id, ProductId, ImageUrl, SortOrder, IsMain) VALUES ('1134', '1018', 'https://res.cloudinary.com/doghoyjzh/image/upload/v1779092977/dcaekaqeq0xuw62kctyr.jpg', 0, 0);
INSERT INTO ProductImages (Id, ProductId, ImageUrl, SortOrder, IsMain) VALUES ('1135', '1018', 'https://res.cloudinary.com/doghoyjzh/image/upload/v1779092977/wofkpiu01qiqwihkuarr.jpg', 0, 0);
INSERT INTO ProductImages (Id, ProductId, ImageUrl, SortOrder, IsMain) VALUES ('1136', '1018', 'https://res.cloudinary.com/doghoyjzh/image/upload/v1779092978/hu1q7btt8zf8x0z0qdpo.jpg', 0, 0);
INSERT INTO ProductImages (Id, ProductId, ImageUrl, SortOrder, IsMain) VALUES ('1137', '1018', 'https://res.cloudinary.com/doghoyjzh/image/upload/v1779092979/lz6yew6qjcxaovrvypbq.jpg', 0, 0);
INSERT INTO ProductImages (Id, ProductId, ImageUrl, SortOrder, IsMain) VALUES ('1138', '1018', 'https://res.cloudinary.com/doghoyjzh/image/upload/v1779092980/wpqsswulvwp2rkb0opfz.jpg', 0, 0);
INSERT INTO ProductImages (Id, ProductId, ImageUrl, SortOrder, IsMain) VALUES ('1139', '1018', 'https://res.cloudinary.com/doghoyjzh/image/upload/v1779092980/fppwe5dfblev5j1qasml.jpg', 0, 0);
INSERT INTO ProductImages (Id, ProductId, ImageUrl, SortOrder, IsMain) VALUES ('1140', '1018', 'https://res.cloudinary.com/doghoyjzh/image/upload/v1779092981/evlum5wboriphdvypup7.jpg', 0, 0);
INSERT INTO ProductImages (Id, ProductId, ImageUrl, SortOrder, IsMain) VALUES ('1141', '1018', 'https://res.cloudinary.com/doghoyjzh/image/upload/v1779092982/i4p5p4fe32glibdcayxn.jpg', 0, 0);
INSERT INTO ProductImages (Id, ProductId, ImageUrl, SortOrder, IsMain) VALUES ('1142', '1019', 'https://res.cloudinary.com/doghoyjzh/image/upload/v1779093290/g55jl6b7bfzyb9qogdsc.png', 0, 0);
INSERT INTO ProductImages (Id, ProductId, ImageUrl, SortOrder, IsMain) VALUES ('1143', '1019', 'https://res.cloudinary.com/doghoyjzh/image/upload/v1779093291/yzzqsettzft8tvdvrpnq.jpg', 0, 0);
INSERT INTO ProductImages (Id, ProductId, ImageUrl, SortOrder, IsMain) VALUES ('1144', '1019', 'https://res.cloudinary.com/doghoyjzh/image/upload/v1779093291/flxvoivppvjb1vd3kapi.jpg', 0, 0);
INSERT INTO ProductImages (Id, ProductId, ImageUrl, SortOrder, IsMain) VALUES ('1145', '1019', 'https://res.cloudinary.com/doghoyjzh/image/upload/v1779093292/ieh2re7hhcrjb0ilcuq1.jpg', 0, 0);
INSERT INTO ProductImages (Id, ProductId, ImageUrl, SortOrder, IsMain) VALUES ('1146', '1019', 'https://res.cloudinary.com/doghoyjzh/image/upload/v1779093293/xtaiinnuxf5jp7bzjjbc.jpg', 0, 0);
INSERT INTO ProductImages (Id, ProductId, ImageUrl, SortOrder, IsMain) VALUES ('1147', '1019', 'https://res.cloudinary.com/doghoyjzh/image/upload/v1779093294/jzfyr6ikl6sl2xodyevg.jpg', 0, 0);
INSERT INTO ProductImages (Id, ProductId, ImageUrl, SortOrder, IsMain) VALUES ('1148', '1019', 'https://res.cloudinary.com/doghoyjzh/image/upload/v1779093295/xx9djtstqpgirspao5vy.jpg', 0, 0);
INSERT INTO ProductImages (Id, ProductId, ImageUrl, SortOrder, IsMain) VALUES ('1149', '1019', 'https://res.cloudinary.com/doghoyjzh/image/upload/v1779093296/tzkhndbgwdnkyzslxwix.jpg', 0, 0);
INSERT INTO ProductImages (Id, ProductId, ImageUrl, SortOrder, IsMain) VALUES ('1150', '1019', 'https://res.cloudinary.com/doghoyjzh/image/upload/v1779093297/zxyz5esqwppelpyztsvt.jpg', 0, 0);
INSERT INTO ProductImages (Id, ProductId, ImageUrl, SortOrder, IsMain) VALUES ('1151', '1020', 'https://res.cloudinary.com/doghoyjzh/image/upload/v1779093585/bvkusek4ubcmfbbk91zt.png', 0, 0);
INSERT INTO ProductImages (Id, ProductId, ImageUrl, SortOrder, IsMain) VALUES ('1152', '1020', 'https://res.cloudinary.com/doghoyjzh/image/upload/v1779093586/yww9jewf4l0wadsuwxxa.jpg', 0, 0);
INSERT INTO ProductImages (Id, ProductId, ImageUrl, SortOrder, IsMain) VALUES ('1153', '1020', 'https://res.cloudinary.com/doghoyjzh/image/upload/v1779093586/pnmbjwq1wobgdwer5mdk.jpg', 0, 0);
INSERT INTO ProductImages (Id, ProductId, ImageUrl, SortOrder, IsMain) VALUES ('1154', '1020', 'https://res.cloudinary.com/doghoyjzh/image/upload/v1779093587/ab96hyiamteal2fqwkx6.jpg', 0, 0);
INSERT INTO ProductImages (Id, ProductId, ImageUrl, SortOrder, IsMain) VALUES ('1155', '1020', 'https://res.cloudinary.com/doghoyjzh/image/upload/v1779093588/kx8acycp3ycqkqmqc3go.jpg', 0, 0);
INSERT INTO ProductImages (Id, ProductId, ImageUrl, SortOrder, IsMain) VALUES ('1156', '1020', 'https://res.cloudinary.com/doghoyjzh/image/upload/v1779093588/lmrfbhscpx8x3bykwbew.jpg', 0, 0);
INSERT INTO ProductImages (Id, ProductId, ImageUrl, SortOrder, IsMain) VALUES ('1157', '1020', 'https://res.cloudinary.com/doghoyjzh/image/upload/v1779093589/spuou8wf99lzbwwwnoku.jpg', 0, 0);
INSERT INTO ProductImages (Id, ProductId, ImageUrl, SortOrder, IsMain) VALUES ('1158', '1020', 'https://res.cloudinary.com/doghoyjzh/image/upload/v1779093590/kmupg5jwjqlhxmktaisv.jpg', 0, 0);
INSERT INTO ProductImages (Id, ProductId, ImageUrl, SortOrder, IsMain) VALUES ('1159', '1020', 'https://res.cloudinary.com/doghoyjzh/image/upload/v1779093591/ofue0kuq4udetsazegm3.jpg', 0, 0);
INSERT INTO ProductImages (Id, ProductId, ImageUrl, SortOrder, IsMain) VALUES ('1160', '1021', 'https://res.cloudinary.com/doghoyjzh/image/upload/v1779094513/gitbla25lvge0ll0euln.jpg', 0, 0);
INSERT INTO ProductImages (Id, ProductId, ImageUrl, SortOrder, IsMain) VALUES ('1161', '1021', 'https://res.cloudinary.com/doghoyjzh/image/upload/v1779094514/az9nqtfj7yxmjddnusle.jpg', 0, 0);
INSERT INTO ProductImages (Id, ProductId, ImageUrl, SortOrder, IsMain) VALUES ('1162', '1021', 'https://res.cloudinary.com/doghoyjzh/image/upload/v1779094515/unbmh7m4spuojsjk0dmp.jpg', 0, 0);
INSERT INTO ProductImages (Id, ProductId, ImageUrl, SortOrder, IsMain) VALUES ('1163', '1021', 'https://res.cloudinary.com/doghoyjzh/image/upload/v1779094516/kdiucftoqimggyhwnlxf.jpg', 0, 0);
INSERT INTO ProductImages (Id, ProductId, ImageUrl, SortOrder, IsMain) VALUES ('1164', '1021', 'https://res.cloudinary.com/doghoyjzh/image/upload/v1779094517/kqggkz1vgggrx11lydze.jpg', 0, 0);
INSERT INTO ProductImages (Id, ProductId, ImageUrl, SortOrder, IsMain) VALUES ('1165', '1021', 'https://res.cloudinary.com/doghoyjzh/image/upload/v1779094517/x06c3yejdswhybggbllr.jpg', 0, 0);
INSERT INTO ProductImages (Id, ProductId, ImageUrl, SortOrder, IsMain) VALUES ('1166', '1021', 'https://res.cloudinary.com/doghoyjzh/image/upload/v1779094518/vjuortg0nrnwllx9jcbx.jpg', 0, 0);
INSERT INTO ProductImages (Id, ProductId, ImageUrl, SortOrder, IsMain) VALUES ('1167', '1021', 'https://res.cloudinary.com/doghoyjzh/image/upload/v1779094519/nce3ufk4oiqam8ubd6xs.jpg', 0, 0);
INSERT INTO ProductImages (Id, ProductId, ImageUrl, SortOrder, IsMain) VALUES ('2098', '2013', 'https://res.cloudinary.com/doghoyjzh/image/upload/v1779181211/vdbtjzrl8jkxcxyhawq0.jpg', 0, 0);
INSERT INTO ProductImages (Id, ProductId, ImageUrl, SortOrder, IsMain) VALUES ('2099', '2013', 'https://res.cloudinary.com/doghoyjzh/image/upload/v1779181212/hp4k1srgyccmth115wi4.jpg', 0, 0);
INSERT INTO ProductImages (Id, ProductId, ImageUrl, SortOrder, IsMain) VALUES ('2100', '2013', 'https://res.cloudinary.com/doghoyjzh/image/upload/v1779181213/lysjaon6epgrhej7q3fv.jpg', 0, 0);
INSERT INTO ProductImages (Id, ProductId, ImageUrl, SortOrder, IsMain) VALUES ('2101', '2013', 'https://res.cloudinary.com/doghoyjzh/image/upload/v1779181214/abxe3qkekuzbpljemzye.jpg', 0, 0);
INSERT INTO ProductImages (Id, ProductId, ImageUrl, SortOrder, IsMain) VALUES ('2102', '2013', 'https://res.cloudinary.com/doghoyjzh/image/upload/v1779181215/fqo9o4qlhtvwrcloooi0.jpg', 0, 0);
INSERT INTO ProductImages (Id, ProductId, ImageUrl, SortOrder, IsMain) VALUES ('2103', '2013', 'https://res.cloudinary.com/doghoyjzh/image/upload/v1779181217/umg5e2wlihdupqmt0yfn.jpg', 0, 0);
INSERT INTO ProductImages (Id, ProductId, ImageUrl, SortOrder, IsMain) VALUES ('2104', '2013', 'https://res.cloudinary.com/doghoyjzh/image/upload/v1779181217/ulfvbxl2nizzt1fh4jhc.jpg', 0, 0);
INSERT INTO ProductImages (Id, ProductId, ImageUrl, SortOrder, IsMain) VALUES ('2105', '2014', 'https://res.cloudinary.com/doghoyjzh/image/upload/v1779181409/dbcap3bip07ohbwwbazt.jpg', 0, 0);
INSERT INTO ProductImages (Id, ProductId, ImageUrl, SortOrder, IsMain) VALUES ('2106', '2014', 'https://res.cloudinary.com/doghoyjzh/image/upload/v1779181410/qakiyng5jiadohyydp6s.jpg', 0, 0);
INSERT INTO ProductImages (Id, ProductId, ImageUrl, SortOrder, IsMain) VALUES ('2107', '2014', 'https://res.cloudinary.com/doghoyjzh/image/upload/v1779181411/uziuqierrmoebnbb37qz.jpg', 0, 0);
INSERT INTO ProductImages (Id, ProductId, ImageUrl, SortOrder, IsMain) VALUES ('2108', '2014', 'https://res.cloudinary.com/doghoyjzh/image/upload/v1779181412/voackkx4obcdlcyiwrll.jpg', 0, 0);
INSERT INTO ProductImages (Id, ProductId, ImageUrl, SortOrder, IsMain) VALUES ('2109', '2014', 'https://res.cloudinary.com/doghoyjzh/image/upload/v1779181413/nbwpxhw7anbmppgmzvnr.jpg', 0, 0);
INSERT INTO ProductImages (Id, ProductId, ImageUrl, SortOrder, IsMain) VALUES ('2110', '2014', 'https://res.cloudinary.com/doghoyjzh/image/upload/v1779181414/dt3ot8mdhneljmzb4u2z.jpg', 0, 0);
INSERT INTO ProductImages (Id, ProductId, ImageUrl, SortOrder, IsMain) VALUES ('2111', '2014', 'https://res.cloudinary.com/doghoyjzh/image/upload/v1779181415/v9hfdpdws6v4rh0vbhlg.jpg', 0, 0);
INSERT INTO ProductImages (Id, ProductId, ImageUrl, SortOrder, IsMain) VALUES ('2112', '2014', 'https://res.cloudinary.com/doghoyjzh/image/upload/v1779181416/tphelwppph1nl4vua6qg.jpg', 0, 0);
INSERT INTO ProductImages (Id, ProductId, ImageUrl, SortOrder, IsMain) VALUES ('2113', '2015', 'https://res.cloudinary.com/doghoyjzh/image/upload/v1779181715/utynhkm7hcf8ujmuf85r.jpg', 0, 0);
INSERT INTO ProductImages (Id, ProductId, ImageUrl, SortOrder, IsMain) VALUES ('2180', '2027', 'https://res.cloudinary.com/doghoyjzh/image/upload/v1779182941/cgsowuyfnfmmxcmeg2ry.jpg', 0, 0);
INSERT INTO ProductImages (Id, ProductId, ImageUrl, SortOrder, IsMain) VALUES ('2181', '2027', 'https://res.cloudinary.com/doghoyjzh/image/upload/v1779182942/u4oclvysetrd2qaviqlg.png', 0, 0);
INSERT INTO ProductImages (Id, ProductId, ImageUrl, SortOrder, IsMain) VALUES ('2182', '2027', 'https://res.cloudinary.com/doghoyjzh/image/upload/v1779182943/agtgkxlfosrp5dquarql.jpg', 0, 0);
INSERT INTO ProductImages (Id, ProductId, ImageUrl, SortOrder, IsMain) VALUES ('2186', '2027', 'https://res.cloudinary.com/doghoyjzh/image/upload/v1779183060/ggw1zuxoc1gscjaqccel.png', 0, 0);
INSERT INTO ProductImages (Id, ProductId, ImageUrl, SortOrder, IsMain) VALUES ('2187', '2027', 'https://res.cloudinary.com/doghoyjzh/image/upload/v1779183061/cczfkf80hqkdjlxesibf.jpg', 0, 0);
INSERT INTO ProductImages (Id, ProductId, ImageUrl, SortOrder, IsMain) VALUES ('2188', '2027', 'https://res.cloudinary.com/doghoyjzh/image/upload/v1779183062/t9ea0hqtngap3mwx76tf.jpg', 0, 0);
INSERT INTO ProductImages (Id, ProductId, ImageUrl, SortOrder, IsMain) VALUES ('2189', '2028', 'https://res.cloudinary.com/doghoyjzh/image/upload/v1779183244/ye1qzrs0uvnekzw1cebt.png', 0, 0);
INSERT INTO ProductImages (Id, ProductId, ImageUrl, SortOrder, IsMain) VALUES ('2190', '2028', 'https://res.cloudinary.com/doghoyjzh/image/upload/v1779183245/umy7ccict87noadyiqel.jpg', 0, 0);
INSERT INTO ProductImages (Id, ProductId, ImageUrl, SortOrder, IsMain) VALUES ('2191', '2028', 'https://res.cloudinary.com/doghoyjzh/image/upload/v1779183246/dppxivyrcswupxtqasz2.jpg', 0, 0);
INSERT INTO ProductImages (Id, ProductId, ImageUrl, SortOrder, IsMain) VALUES ('2192', '2028', 'https://res.cloudinary.com/doghoyjzh/image/upload/v1779183247/smju9rwsdrppysijol5w.jpg', 0, 0);
INSERT INTO ProductImages (Id, ProductId, ImageUrl, SortOrder, IsMain) VALUES ('2193', '2028', 'https://res.cloudinary.com/doghoyjzh/image/upload/v1779183248/iwvmvipsdqolshooi7hc.jpg', 0, 0);
INSERT INTO ProductImages (Id, ProductId, ImageUrl, SortOrder, IsMain) VALUES ('2194', '2028', 'https://res.cloudinary.com/doghoyjzh/image/upload/v1779183249/u093jipdn5i4rb7egx2x.jpg', 0, 0);
INSERT INTO ProductImages (Id, ProductId, ImageUrl, SortOrder, IsMain) VALUES ('2195', '2028', 'https://res.cloudinary.com/doghoyjzh/image/upload/v1779183250/kya5y3iddoqvchewtgmq.jpg', 0, 0);
INSERT INTO ProductImages (Id, ProductId, ImageUrl, SortOrder, IsMain) VALUES ('2196', '2028', 'https://res.cloudinary.com/doghoyjzh/image/upload/v1779183251/k1z7knatusmhjfxs2l4h.png', 0, 0);
INSERT INTO ProductImages (Id, ProductId, ImageUrl, SortOrder, IsMain) VALUES ('2197', '2028', 'https://res.cloudinary.com/doghoyjzh/image/upload/v1779183252/gnqs4syanfaervadtb0n.png', 0, 0);
INSERT INTO ProductImages (Id, ProductId, ImageUrl, SortOrder, IsMain) VALUES ('2198', '2029', 'https://res.cloudinary.com/doghoyjzh/image/upload/v1779183649/w6up22elhuzgjqejdkb6.jpg', 0, 0);
INSERT INTO ProductImages (Id, ProductId, ImageUrl, SortOrder, IsMain) VALUES ('2199', '2029', 'https://res.cloudinary.com/doghoyjzh/image/upload/v1779183650/ucmpm60oqayaeqxuqwck.jpg', 0, 0);
INSERT INTO ProductImages (Id, ProductId, ImageUrl, SortOrder, IsMain) VALUES ('2200', '2029', 'https://res.cloudinary.com/doghoyjzh/image/upload/v1779183651/i6fggr12z3ydyn63als3.png', 0, 0);
INSERT INTO ProductImages (Id, ProductId, ImageUrl, SortOrder, IsMain) VALUES ('2201', '2029', 'https://res.cloudinary.com/doghoyjzh/image/upload/v1779183651/rqofnbfwgh7c5i4teaxg.jpg', 0, 0);

-- Table: ProductVariants
-- Columns: Id, ProductId, Size, Stock, LowStockThreshold, ColorId, RowVersion
INSERT INTO ProductVariants (Id, ProductId, Size, Stock, LowStockThreshold, ColorId, RowVersion) VALUES (1, 1, 's', '21', '5', 1, '0x00000000000036B1');
INSERT INTO ProductVariants (Id, ProductId, Size, Stock, LowStockThreshold, ColorId, RowVersion) VALUES ('2', 1, 'M', 0, '5', 1, '0x00000000000036B2');
INSERT INTO ProductVariants (Id, ProductId, Size, Stock, LowStockThreshold, ColorId, RowVersion) VALUES ('3', 1, 'L', 0, '5', 1, '0x00000000000036B3');
INSERT INTO ProductVariants (Id, ProductId, Size, Stock, LowStockThreshold, ColorId, RowVersion) VALUES ('1002', '2', 'S', '10', 1, 1, '0x000000000000755E');
INSERT INTO ProductVariants (Id, ProductId, Size, Stock, LowStockThreshold, ColorId, RowVersion) VALUES ('1003', '2', 'M', '10', 1, 1, '0x000000000000755F');
INSERT INTO ProductVariants (Id, ProductId, Size, Stock, LowStockThreshold, ColorId, RowVersion) VALUES ('1004', '2', 'L', 0, 1, 1, '0x0000000000007560');
INSERT INTO ProductVariants (Id, ProductId, Size, Stock, LowStockThreshold, ColorId, RowVersion) VALUES ('1005', '2', 'XL', 0, 1, 1, '0x0000000000007561');
INSERT INTO ProductVariants (Id, ProductId, Size, Stock, LowStockThreshold, ColorId, RowVersion) VALUES ('1006', '3', 'S', 0, 1, 1, '0x0000000000007562');
INSERT INTO ProductVariants (Id, ProductId, Size, Stock, LowStockThreshold, ColorId, RowVersion) VALUES ('1007', '3', 'M', '15', 1, 1, '0x0000000000007563');
INSERT INTO ProductVariants (Id, ProductId, Size, Stock, LowStockThreshold, ColorId, RowVersion) VALUES ('1008', '3', 'L', '15', 1, 1, '0x0000000000007564');
INSERT INTO ProductVariants (Id, ProductId, Size, Stock, LowStockThreshold, ColorId, RowVersion) VALUES ('1009', '4', 'S', '25', '5', 1, '0x0000000000003E8B');
INSERT INTO ProductVariants (Id, ProductId, Size, Stock, LowStockThreshold, ColorId, RowVersion) VALUES ('1010', '4', 'M', '15', '5', 1, '0x0000000000003E8C');
INSERT INTO ProductVariants (Id, ProductId, Size, Stock, LowStockThreshold, ColorId, RowVersion) VALUES ('1011', '4', 'L', '25', '5', 1, '0x0000000000003E8D');
INSERT INTO ProductVariants (Id, ProductId, Size, Stock, LowStockThreshold, ColorId, RowVersion) VALUES ('1012', '4', 'XL', '25', '5', 1, '0x0000000000003E8E');
INSERT INTO ProductVariants (Id, ProductId, Size, Stock, LowStockThreshold, ColorId, RowVersion) VALUES ('1013', '5', 'S', '20', '5', 1, '0x0000000000005DEA');
INSERT INTO ProductVariants (Id, ProductId, Size, Stock, LowStockThreshold, ColorId, RowVersion) VALUES ('1014', '5', 'M', '20', '5', 1, '0x0000000000005DEB');
INSERT INTO ProductVariants (Id, ProductId, Size, Stock, LowStockThreshold, ColorId, RowVersion) VALUES ('1015', '5', 'L', '20', '5', 1, '0x0000000000005DEC');
INSERT INTO ProductVariants (Id, ProductId, Size, Stock, LowStockThreshold, ColorId, RowVersion) VALUES ('1016', '5', 'XL', '20', '5', 1, '0x0000000000005DED');
INSERT INTO ProductVariants (Id, ProductId, Size, Stock, LowStockThreshold, ColorId, RowVersion) VALUES ('1017', '6', 'S', '10', '5', 1, '0x0000000000007554');
INSERT INTO ProductVariants (Id, ProductId, Size, Stock, LowStockThreshold, ColorId, RowVersion) VALUES ('1018', '6', 'M', '10', '5', 1, '0x0000000000007555');
INSERT INTO ProductVariants (Id, ProductId, Size, Stock, LowStockThreshold, ColorId, RowVersion) VALUES ('1019', '6', 'L', '8', '5', 1, '0x0000000000007556');
INSERT INTO ProductVariants (Id, ProductId, Size, Stock, LowStockThreshold, ColorId, RowVersion) VALUES ('1023', '7', 'S', '15', '5', '2', '0x0000000000007551');
INSERT INTO ProductVariants (Id, ProductId, Size, Stock, LowStockThreshold, ColorId, RowVersion) VALUES ('1024', '7', 'M', '15', '5', '2', '0x0000000000007552');
INSERT INTO ProductVariants (Id, ProductId, Size, Stock, LowStockThreshold, ColorId, RowVersion) VALUES ('1025', '7', 'L', '15', '5', '2', '0x0000000000007553');
INSERT INTO ProductVariants (Id, ProductId, Size, Stock, LowStockThreshold, ColorId, RowVersion) VALUES ('1026', '8', 'S', '10', '5', 1, '0x0000000000005DDE');
INSERT INTO ProductVariants (Id, ProductId, Size, Stock, LowStockThreshold, ColorId, RowVersion) VALUES ('1027', '8', 'M', '10', '5', 1, '0x0000000000005DDF');
INSERT INTO ProductVariants (Id, ProductId, Size, Stock, LowStockThreshold, ColorId, RowVersion) VALUES ('1028', '8', 'L', '10', '5', 1, '0x0000000000005DE0');
INSERT INTO ProductVariants (Id, ProductId, Size, Stock, LowStockThreshold, ColorId, RowVersion) VALUES ('1029', '8', 'XL', '10', '5', 1, '0x0000000000005DE1');
INSERT INTO ProductVariants (Id, ProductId, Size, Stock, LowStockThreshold, ColorId, RowVersion) VALUES ('1030', '9', 'S', '9', 1, '2', '0x0000000000006596');
INSERT INTO ProductVariants (Id, ProductId, Size, Stock, LowStockThreshold, ColorId, RowVersion) VALUES ('1031', '9', 'M', '10', 1, '2', '0x0000000000005DE3');
INSERT INTO ProductVariants (Id, ProductId, Size, Stock, LowStockThreshold, ColorId, RowVersion) VALUES ('1032', '9', 'L', '10', 1, '2', '0x0000000000005DE4');
INSERT INTO ProductVariants (Id, ProductId, Size, Stock, LowStockThreshold, ColorId, RowVersion) VALUES ('1033', '9', 'XL', '10', 1, '2', '0x0000000000005DE5');
INSERT INTO ProductVariants (Id, ProductId, Size, Stock, LowStockThreshold, ColorId, RowVersion) VALUES ('1034', '10', 'S', '15', 1, 1, '0x0000000000005DEE');
INSERT INTO ProductVariants (Id, ProductId, Size, Stock, LowStockThreshold, ColorId, RowVersion) VALUES ('1035', '10', 'M', '10', 1, 1, '0x0000000000005DEF');
INSERT INTO ProductVariants (Id, ProductId, Size, Stock, LowStockThreshold, ColorId, RowVersion) VALUES ('1036', '10', 'L', '10', 1, 1, '0x0000000000005DF0');
INSERT INTO ProductVariants (Id, ProductId, Size, Stock, LowStockThreshold, ColorId, RowVersion) VALUES ('1037', '10', 'XL', '10', 1, 1, '0x0000000000005DF1');
INSERT INTO ProductVariants (Id, ProductId, Size, Stock, LowStockThreshold, ColorId, RowVersion) VALUES ('1038', '11', 'S', '5', 1, 1, '0x0000000000005DFB');
INSERT INTO ProductVariants (Id, ProductId, Size, Stock, LowStockThreshold, ColorId, RowVersion) VALUES ('1039', '11', 'M', '5', 1, 1, '0x0000000000005DFC');
INSERT INTO ProductVariants (Id, ProductId, Size, Stock, LowStockThreshold, ColorId, RowVersion) VALUES ('1040', '11', 'L', '5', 1, 1, '0x0000000000005DFD');
INSERT INTO ProductVariants (Id, ProductId, Size, Stock, LowStockThreshold, ColorId, RowVersion) VALUES ('1041', '11', 'XL', '5', 1, 1, '0x0000000000005DFE');
INSERT INTO ProductVariants (Id, ProductId, Size, Stock, LowStockThreshold, ColorId, RowVersion) VALUES ('1042', '12', 'M', '10', 1, 1, '0x0000000000005E1E');
INSERT INTO ProductVariants (Id, ProductId, Size, Stock, LowStockThreshold, ColorId, RowVersion) VALUES ('1043', '12', 'L', '10', 1, 1, '0x0000000000005E1F');
INSERT INTO ProductVariants (Id, ProductId, Size, Stock, LowStockThreshold, ColorId, RowVersion) VALUES ('1044', '12', 'XL', '10', 1, 1, '0x0000000000005E20');
INSERT INTO ProductVariants (Id, ProductId, Size, Stock, LowStockThreshold, ColorId, RowVersion) VALUES ('1045', '13', 'S', '26', '5', 1, '0x0000000000005E24');
INSERT INTO ProductVariants (Id, ProductId, Size, Stock, LowStockThreshold, ColorId, RowVersion) VALUES ('1046', '13', 'M', '27', '5', 1, '0x0000000000006D67');
INSERT INTO ProductVariants (Id, ProductId, Size, Stock, LowStockThreshold, ColorId, RowVersion) VALUES ('1047', '13', 'L', '26', '5', 1, '0x0000000000005E26');
INSERT INTO ProductVariants (Id, ProductId, Size, Stock, LowStockThreshold, ColorId, RowVersion) VALUES ('1048', '14', 'M', '14', '2', 1, '0x0000000000006D68');
INSERT INTO ProductVariants (Id, ProductId, Size, Stock, LowStockThreshold, ColorId, RowVersion) VALUES ('1049', '14', 'L', '16', '2', 1, '0x0000000000005E22');
INSERT INTO ProductVariants (Id, ProductId, Size, Stock, LowStockThreshold, ColorId, RowVersion) VALUES ('1050', '14', 'XL', '18', '2', 1, '0x0000000000005E23');
INSERT INTO ProductVariants (Id, ProductId, Size, Stock, LowStockThreshold, ColorId, RowVersion) VALUES ('1051', '15', 'M', '18', '2', 1, '0x0000000000005E27');
INSERT INTO ProductVariants (Id, ProductId, Size, Stock, LowStockThreshold, ColorId, RowVersion) VALUES ('1052', '15', 'L', '15', '2', 1, '0x0000000000007D1F');
INSERT INTO ProductVariants (Id, ProductId, Size, Stock, LowStockThreshold, ColorId, RowVersion) VALUES ('1053', '15', 'XL', '16', '2', 1, '0x0000000000005E29');
INSERT INTO ProductVariants (Id, ProductId, Size, Stock, LowStockThreshold, ColorId, RowVersion) VALUES ('2045', '1013', 'S', '25', 1, 1, '0x0000000000007537');
INSERT INTO ProductVariants (Id, ProductId, Size, Stock, LowStockThreshold, ColorId, RowVersion) VALUES ('2046', '1013', 'M', '26', 1, 1, '0x0000000000007538');
INSERT INTO ProductVariants (Id, ProductId, Size, Stock, LowStockThreshold, ColorId, RowVersion) VALUES ('2047', '1013', 'L', '28', 1, 1, '0x0000000000007539');
INSERT INTO ProductVariants (Id, ProductId, Size, Stock, LowStockThreshold, ColorId, RowVersion) VALUES ('2048', '1014', 'S', '15', 1, '2', '0x0000000000007534');
INSERT INTO ProductVariants (Id, ProductId, Size, Stock, LowStockThreshold, ColorId, RowVersion) VALUES ('2049', '1014', 'M', '15', 1, '2', '0x0000000000007535');
INSERT INTO ProductVariants (Id, ProductId, Size, Stock, LowStockThreshold, ColorId, RowVersion) VALUES ('2050', '1014', 'L', '16', 1, '2', '0x0000000000007536');
INSERT INTO ProductVariants (Id, ProductId, Size, Stock, LowStockThreshold, ColorId, RowVersion) VALUES ('2051', '1015', 'M', '15', 1, '2', '0x0000000000007544');
INSERT INTO ProductVariants (Id, ProductId, Size, Stock, LowStockThreshold, ColorId, RowVersion) VALUES ('2052', '1015', 'L', '16', 1, '2', '0x0000000000007545');
INSERT INTO ProductVariants (Id, ProductId, Size, Stock, LowStockThreshold, ColorId, RowVersion) VALUES ('2053', '1015', 'XL', '18', 1, '2', '0x0000000000007546');
INSERT INTO ProductVariants (Id, ProductId, Size, Stock, LowStockThreshold, ColorId, RowVersion) VALUES ('2054', '1016', 'S', '25', 1, 1, '0x000000000000754D');
INSERT INTO ProductVariants (Id, ProductId, Size, Stock, LowStockThreshold, ColorId, RowVersion) VALUES ('2055', '1016', 'M', '15', 1, 1, '0x000000000000754E');
INSERT INTO ProductVariants (Id, ProductId, Size, Stock, LowStockThreshold, ColorId, RowVersion) VALUES ('2056', '1016', 'L', '16', 1, 1, '0x000000000000754F');
INSERT INTO ProductVariants (Id, ProductId, Size, Stock, LowStockThreshold, ColorId, RowVersion) VALUES ('2057', '1016', 'XL', '25', 1, 1, '0x0000000000007550');
INSERT INTO ProductVariants (Id, ProductId, Size, Stock, LowStockThreshold, ColorId, RowVersion) VALUES ('2058', '1017', 'M', '25', 1, 1, '0x0000000000007571');
INSERT INTO ProductVariants (Id, ProductId, Size, Stock, LowStockThreshold, ColorId, RowVersion) VALUES ('2059', '1017', 'L', '25', 1, 1, '0x0000000000007572');
INSERT INTO ProductVariants (Id, ProductId, Size, Stock, LowStockThreshold, ColorId, RowVersion) VALUES ('2060', '1018', 'M', '15', 1, '2', '0x0000000000007575');
INSERT INTO ProductVariants (Id, ProductId, Size, Stock, LowStockThreshold, ColorId, RowVersion) VALUES ('2061', '1018', 'L', '18', 1, '2', '0x0000000000007576');
INSERT INTO ProductVariants (Id, ProductId, Size, Stock, LowStockThreshold, ColorId, RowVersion) VALUES ('2062', '1019', 'M', '15', 1, 1, '0x000000000000757B');
INSERT INTO ProductVariants (Id, ProductId, Size, Stock, LowStockThreshold, ColorId, RowVersion) VALUES ('2063', '1019', 'L', '15', 1, 1, '0x000000000000757C');
INSERT INTO ProductVariants (Id, ProductId, Size, Stock, LowStockThreshold, ColorId, RowVersion) VALUES ('2064', '1020', 'M', '5', 1, 1, '0x0000000000007D08');
INSERT INTO ProductVariants (Id, ProductId, Size, Stock, LowStockThreshold, ColorId, RowVersion) VALUES ('2065', '1020', 'L', '5', 1, 1, '0x0000000000007D09');
INSERT INTO ProductVariants (Id, ProductId, Size, Stock, LowStockThreshold, ColorId, RowVersion) VALUES ('2066', '1021', 'M', 0, 1, 1, '0x0000000000007D05');
INSERT INTO ProductVariants (Id, ProductId, Size, Stock, LowStockThreshold, ColorId, RowVersion) VALUES ('2067', '1021', 'L', 0, 1, 1, '0x0000000000007D06');
INSERT INTO ProductVariants (Id, ProductId, Size, Stock, LowStockThreshold, ColorId, RowVersion) VALUES ('2068', '1021', 'XL', 0, 1, 1, '0x0000000000007D07');
INSERT INTO ProductVariants (Id, ProductId, Size, Stock, LowStockThreshold, ColorId, RowVersion) VALUES ('3045', '2013', 'S', '5', 1, '2', '0x0000000000007D0A');
INSERT INTO ProductVariants (Id, ProductId, Size, Stock, LowStockThreshold, ColorId, RowVersion) VALUES ('3046', '2013', 'M', '5', 1, '2', '0x0000000000007D0B');
INSERT INTO ProductVariants (Id, ProductId, Size, Stock, LowStockThreshold, ColorId, RowVersion) VALUES ('3047', '2013', 'L', 0, '5', '2', '0x0000000000007D0C');
INSERT INTO ProductVariants (Id, ProductId, Size, Stock, LowStockThreshold, ColorId, RowVersion) VALUES ('3048', '2013', 'XL', 0, '5', '2', '0x0000000000007D0D');
INSERT INTO ProductVariants (Id, ProductId, Size, Stock, LowStockThreshold, ColorId, RowVersion) VALUES ('3049', '2014', 'S', '25', 1, 1, '0x0000000000007D0E');
INSERT INTO ProductVariants (Id, ProductId, Size, Stock, LowStockThreshold, ColorId, RowVersion) VALUES ('3050', '2014', 'M', '25', 1, 1, '0x0000000000007D0F');
INSERT INTO ProductVariants (Id, ProductId, Size, Stock, LowStockThreshold, ColorId, RowVersion) VALUES ('3051', '2014', 'L', '25', 1, 1, '0x0000000000007D10');
INSERT INTO ProductVariants (Id, ProductId, Size, Stock, LowStockThreshold, ColorId, RowVersion) VALUES ('3052', '2014', 'XL', '25', 1, 1, '0x0000000000007D11');
INSERT INTO ProductVariants (Id, ProductId, Size, Stock, LowStockThreshold, ColorId, RowVersion) VALUES ('3054', '2015', '38X30CM', '250', '5', '5', '0x0000000000007D14');
INSERT INTO ProductVariants (Id, ProductId, Size, Stock, LowStockThreshold, ColorId, RowVersion) VALUES ('3068', '2027', 'S', '15', 1, '5', '0x0000000000007D24');
INSERT INTO ProductVariants (Id, ProductId, Size, Stock, LowStockThreshold, ColorId, RowVersion) VALUES ('3069', '2028', 'S', '15', 1, '4', '0x0000000000007D26');
INSERT INTO ProductVariants (Id, ProductId, Size, Stock, LowStockThreshold, ColorId, RowVersion) VALUES ('3070', '2029', 'S', '15', 1, 1, '0x0000000000007D27');
INSERT INTO ProductVariants (Id, ProductId, Size, Stock, LowStockThreshold, ColorId, RowVersion) VALUES ('3071', '2029', 'M', '16', 1, 1, '0x0000000000007D28');
INSERT INTO ProductVariants (Id, ProductId, Size, Stock, LowStockThreshold, ColorId, RowVersion) VALUES ('3072', '2029', 'L', '18', 1, 1, '0x0000000000007D29');
INSERT INTO ProductVariants (Id, ProductId, Size, Stock, LowStockThreshold, ColorId, RowVersion) VALUES ('3073', '2029', 'XL', '20', 1, 1, '0x0000000000007D2A');
INSERT INTO ProductVariants (Id, ProductId, Size, Stock, LowStockThreshold, ColorId, RowVersion) VALUES ('3074', '2030', 'S', '15', 1, '2', '0x0000000000007D2B');
INSERT INTO ProductVariants (Id, ProductId, Size, Stock, LowStockThreshold, ColorId, RowVersion) VALUES ('3075', '2030', 'M', '15', 1, '2', '0x0000000000007D2C');
INSERT INTO ProductVariants (Id, ProductId, Size, Stock, LowStockThreshold, ColorId, RowVersion) VALUES ('3076', '2030', 'L', '15', 1, '2', '0x0000000000007D2D');
INSERT INTO ProductVariants (Id, ProductId, Size, Stock, LowStockThreshold, ColorId, RowVersion) VALUES ('3077', '2030', 'XL', '15', 1, '2', '0x0000000000007D2E');

-- Table: ProductColors
-- Columns: Id, Name, HexCode, IsActive, CreatedAt, UpdatedAt, IsDeleted
INSERT INTO ProductColors (Id, Name, HexCode, IsActive, CreatedAt, UpdatedAt, IsDeleted) VALUES (1, 'Đen', '#000000', 1, '2026-05-10 14:26:16.1738279', '2026-05-10 14:26:16.1738280', 0);
INSERT INTO ProductColors (Id, Name, HexCode, IsActive, CreatedAt, UpdatedAt, IsDeleted) VALUES ('2', 'Đỏ', '#C60101', 1, '2026-05-13 04:59:46.4580401', '2026-05-13 04:59:46.4580402', 0);
INSERT INTO ProductColors (Id, Name, HexCode, IsActive, CreatedAt, UpdatedAt, IsDeleted) VALUES ('3', 'Kem', '#FEFBD7', 1, '2026-05-19 09:12:23.3283119', '2026-05-19 09:12:23.3283120', 1);
INSERT INTO ProductColors (Id, Name, HexCode, IsActive, CreatedAt, UpdatedAt, IsDeleted) VALUES ('4', 'GREEN', '#00610B', 1, '2026-05-19 09:12:48.8520633', '2026-05-19 09:12:48.8520634', 0);
INSERT INTO ProductColors (Id, Name, HexCode, IsActive, CreatedAt, UpdatedAt, IsDeleted) VALUES ('5', 'CREAM', '#FEFFD1', 1, '2026-05-19 09:13:49.7897850', '2026-05-19 09:13:49.7897850', 0);

-- Table: Orders
-- Columns: Id, UserId, TotalAmount, ShippingFee, Status, PaymentMethod, ShippingAddress, Note, VoucherId, DiscountAmount, CreatedAt, UpdatedAt, IsDeleted, PaymentStatus, Phone, ReceiverName
INSERT INTO Orders (Id, UserId, TotalAmount, ShippingFee, Status, PaymentMethod, ShippingAddress, Note, VoucherId, DiscountAmount, CreatedAt, UpdatedAt, IsDeleted, PaymentStatus, Phone, ReceiverName) VALUES (1, '46257b1c-a8a3-431f-baf1-550e743597a9', '329000.00', '30000.00', 'Cancelled', 'COD', '123, Xã Tuấn Đạo, Huyện Sơn Động, Tỉnh Bắc Giang', '123', NULL, '.00', '2026-05-11 11:12:14.1833792', '2026-05-17 10:50:34.2922981', 1, 'Unpaid', '0900000000', 'Ghosttrick Admin');
INSERT INTO Orders (Id, UserId, TotalAmount, ShippingFee, Status, PaymentMethod, ShippingAddress, Note, VoucherId, DiscountAmount, CreatedAt, UpdatedAt, IsDeleted, PaymentStatus, Phone, ReceiverName) VALUES ('2', '46257b1c-a8a3-431f-baf1-550e743597a9', '350000.00', '.00', 'Pending', 'COD', 'qưe, Xã Tân Quang, Huyện Lục Ngạn, Tỉnh Bắc Giang', 'ưqeqw', NULL, '.00', '2026-05-17 10:50:53.0371613', '2026-05-17 10:50:53.0371613', 1, 'Unpaid', '0900000000', 'Ghosttrick Admin');
INSERT INTO Orders (Id, UserId, TotalAmount, ShippingFee, Status, PaymentMethod, ShippingAddress, Note, VoucherId, DiscountAmount, CreatedAt, UpdatedAt, IsDeleted, PaymentStatus, Phone, ReceiverName) VALUES ('1002', '46257b1c-a8a3-431f-baf1-550e743597a9', '739000.00', '.00', 'Pending', 'COD', 'g, Xã Quyết Thắng, Thành phố Hải Dương, Tỉnh Hải Dương', 'gg', '2005', '50000.00', '2026-05-17 14:46:20.7657109', '2026-05-17 14:46:20.7657110', 1, 'Unpaid', '0900000000g', 'Ghosttrick Admin');
INSERT INTO Orders (Id, UserId, TotalAmount, ShippingFee, Status, PaymentMethod, ShippingAddress, Note, VoucherId, DiscountAmount, CreatedAt, UpdatedAt, IsDeleted, PaymentStatus, Phone, ReceiverName) VALUES ('2002', '02230069-c301-4062-a3fe-4ea0bf76e001', '390000.00', '.00', 'Pending', 'COD', 'bbb, Xã Trung Chải, Huyện Nậm Nhùn, Tỉnh Lai Châu', NULL, NULL, '.00', '2026-05-19 09:24:54.9555911', '2026-05-19 09:24:54.9555911', 1, 'Unpaid', '09822483713', 'lih');

-- Table: OrderItems
-- Columns: Id, OrderId, ProductId, VariantId, Quantity, UnitPrice
INSERT INTO OrderItems (Id, OrderId, ProductId, VariantId, Quantity, UnitPrice) VALUES (1, 1, 1, 1, 1, '299000.00');
INSERT INTO OrderItems (Id, OrderId, ProductId, VariantId, Quantity, UnitPrice) VALUES ('2', '2', '9', '1030', 1, '350000.00');
INSERT INTO OrderItems (Id, OrderId, ProductId, VariantId, Quantity, UnitPrice) VALUES ('1002', '1002', '14', '1048', 1, '390000.00');
INSERT INTO OrderItems (Id, OrderId, ProductId, VariantId, Quantity, UnitPrice) VALUES ('1003', '1002', '13', '1046', 1, '399000.00');
INSERT INTO OrderItems (Id, OrderId, ProductId, VariantId, Quantity, UnitPrice) VALUES ('2002', '2002', '15', '1052', 1, '390000.00');

-- Table: OrderTimelines
-- Columns: Id, OrderId, Status, Note, Actor, CreatedAt
INSERT INTO OrderTimelines (Id, OrderId, Status, Note, Actor, CreatedAt) VALUES (1, 1, 'Đã đặt hàng', 'Đơn hàng được tạo thành công.', 'Customer', '2026-05-11 11:12:14.3024433');
INSERT INTO OrderTimelines (Id, OrderId, Status, Note, Actor, CreatedAt) VALUES ('2', 1, 'Confirmed', 'Cập nhật trạng thái sang Confirmed', 'Admin', '2026-05-13 15:51:55.3504019');
INSERT INTO OrderTimelines (Id, OrderId, Status, Note, Actor, CreatedAt) VALUES ('3', 1, 'Confirmed', 'Cập nhật thanh toán sang: Paid', 'Admin', '2026-05-13 15:51:56.8417009');
INSERT INTO OrderTimelines (Id, OrderId, Status, Note, Actor, CreatedAt) VALUES ('4', 1, 'Delivered', 'Cập nhật trạng thái sang Delivered', 'Admin', '2026-05-13 15:51:59.9847193');
INSERT INTO OrderTimelines (Id, OrderId, Status, Note, Actor, CreatedAt) VALUES ('1002', 1, 'Cancelled', 'Cập nhật trạng thái sang Cancelled', 'Admin', '2026-05-17 10:50:28.4550677');
INSERT INTO OrderTimelines (Id, OrderId, Status, Note, Actor, CreatedAt) VALUES ('1003', 1, 'Cancelled', 'Cập nhật thanh toán sang: Unpaid', 'Admin', '2026-05-17 10:50:34.2922988');
INSERT INTO OrderTimelines (Id, OrderId, Status, Note, Actor, CreatedAt) VALUES ('1004', '2', 'Đã đặt hàng', 'Đơn hàng được tạo thành công.', 'Customer', '2026-05-17 10:50:53.1336633');
INSERT INTO OrderTimelines (Id, OrderId, Status, Note, Actor, CreatedAt) VALUES ('2002', '1002', 'Đã đặt hàng', 'Đơn hàng được tạo thành công.', 'Customer', '2026-05-17 14:46:20.8519990');
INSERT INTO OrderTimelines (Id, OrderId, Status, Note, Actor, CreatedAt) VALUES ('3002', '2002', 'Đã đặt hàng', 'Đơn hàng được tạo thành công.', 'Customer', '2026-05-19 09:24:55.0496114');

-- Table: CartItems
-- Columns: Id, UserId, ProductId, VariantId, Quantity, CreatedAt, UpdatedAt
INSERT INTO CartItems (Id, UserId, ProductId, VariantId, Quantity, CreatedAt, UpdatedAt) VALUES ('94A8508D-4331-4E67-B600-F26E9791B11A', '46257b1c-a8a3-431f-baf1-550e743597a9', '13', '1045', 1, '2026-05-18 08:57:20.4183522', '2026-05-18 08:57:20.4183522');

-- Table: Vouchers
-- Columns: Id, Code, Description, DiscountType, DiscountValue, MinOrderAmount, MaxDiscountAmount, UsageLimit, StartDate, EndDate, IsActive, IsDeleted, LimitPerUser, Category, CreatedAt, UpdatedAt, RowVersion
INSERT INTO Vouchers (Id, Code, Description, DiscountType, DiscountValue, MinOrderAmount, MaxDiscountAmount, UsageLimit, StartDate, EndDate, IsActive, IsDeleted, LimitPerUser, Category, CreatedAt, UpdatedAt, RowVersion) VALUES (1, 'FREESHIP', 'Miễn phí vận chuyển', 'Fixed', '30000.00', '.00', '.00', 0, NULL, NULL, 1, 1, 1, 1, '2026-05-10 14:26:17.6217554', '2026-05-10 14:26:17.6217555', '0x0000000000005602');
INSERT INTO Vouchers (Id, Code, Description, DiscountType, DiscountValue, MinOrderAmount, MaxDiscountAmount, UsageLimit, StartDate, EndDate, IsActive, IsDeleted, LimitPerUser, Category, CreatedAt, UpdatedAt, RowVersion) VALUES ('2', 'GHOST10', 'Giảm 10% cho đơn đầu tiên', 'Percent', '10.00', '100000.00', '.00', 0, NULL, NULL, 1, 1, 1, 0, '2026-05-10 14:26:17.6219496', '2026-05-10 14:26:17.6219496', '0x0000000000005601');
INSERT INTO Vouchers (Id, Code, Description, DiscountType, DiscountValue, MinOrderAmount, MaxDiscountAmount, UsageLimit, StartDate, EndDate, IsActive, IsDeleted, LimitPerUser, Category, CreatedAt, UpdatedAt, RowVersion) VALUES ('3', 'WELCOME2026', 'Chào mừng năm mới 2026', 'Fixed', '50000.00', '500000.00', '.00', 0, NULL, NULL, 1, 1, 1, 0, '2026-05-10 14:26:17.6219500', '2026-05-10 14:26:17.6219500', '0x00000000000055FF');
INSERT INTO Vouchers (Id, Code, Description, DiscountType, DiscountValue, MinOrderAmount, MaxDiscountAmount, UsageLimit, StartDate, EndDate, IsActive, IsDeleted, LimitPerUser, Category, CreatedAt, UpdatedAt, RowVersion) VALUES ('4', 'SUMMERVIBE', 'Rực rỡ mùa hè', 'Percent', '15.00', '300000.00', '100000.00', 0, NULL, NULL, 1, 1, 1, 0, '2026-05-10 14:26:17.6219502', '2026-05-10 14:26:17.6219504', '0x00000000000055FE');
INSERT INTO Vouchers (Id, Code, Description, DiscountType, DiscountValue, MinOrderAmount, MaxDiscountAmount, UsageLimit, StartDate, EndDate, IsActive, IsDeleted, LimitPerUser, Category, CreatedAt, UpdatedAt, RowVersion) VALUES ('5', 'SHIPHAY', 'Hỗ trợ phí ship 20k', 'Fixed', '20000.00', '200000.00', '.00', 0, NULL, NULL, 1, 1, 1, 1, '2026-05-10 14:26:17.6219751', '2026-05-10 14:26:17.6219751', '0x00000000000055FD');
INSERT INTO Vouchers (Id, Code, Description, DiscountType, DiscountValue, MinOrderAmount, MaxDiscountAmount, UsageLimit, StartDate, EndDate, IsActive, IsDeleted, LimitPerUser, Category, CreatedAt, UpdatedAt, RowVersion) VALUES ('6', 'LUCKY777', 'Voucher may mắn', 'Percent', '7.00', '77000.00', '.00', 0, NULL, NULL, 1, 1, 1, 0, '2026-05-10 14:26:17.6219754', '2026-05-10 14:26:17.6219754', '0x00000000000055FC');
INSERT INTO Vouchers (Id, Code, Description, DiscountType, DiscountValue, MinOrderAmount, MaxDiscountAmount, UsageLimit, StartDate, EndDate, IsActive, IsDeleted, LimitPerUser, Category, CreatedAt, UpdatedAt, RowVersion) VALUES ('7', 'MIDNIGHT', 'Sale đêm khuya', 'Fixed', '100000.00', '1000000.00', '.00', 0, NULL, NULL, 1, 1, 1, 0, '2026-05-10 14:26:17.6219756', '2026-05-10 14:26:17.6219756', '0x00000000000055FB');
INSERT INTO Vouchers (Id, Code, Description, DiscountType, DiscountValue, MinOrderAmount, MaxDiscountAmount, UsageLimit, StartDate, EndDate, IsActive, IsDeleted, LimitPerUser, Category, CreatedAt, UpdatedAt, RowVersion) VALUES ('8', 'BACKTOSCHOOL', 'Ưu đãi học đường', 'Percent', '12.00', '150000.00', '.00', 0, NULL, NULL, 1, 1, 1, 0, '2026-05-10 14:26:17.6219758', '2026-05-10 14:26:17.6219758', '0x00000000000055FA');
INSERT INTO Vouchers (Id, Code, Description, DiscountType, DiscountValue, MinOrderAmount, MaxDiscountAmount, UsageLimit, StartDate, EndDate, IsActive, IsDeleted, LimitPerUser, Category, CreatedAt, UpdatedAt, RowVersion) VALUES ('9', 'FREESHIPMAX', 'Siêu cấp freeship', 'Fixed', '50000.00', '400000.00', '.00', 0, NULL, NULL, 1, 1, 1, 1, '2026-05-10 14:26:17.6219760', '2026-05-10 14:26:17.6219760', '0x0000000000004E22');
INSERT INTO Vouchers (Id, Code, Description, DiscountType, DiscountValue, MinOrderAmount, MaxDiscountAmount, UsageLimit, StartDate, EndDate, IsActive, IsDeleted, LimitPerUser, Category, CreatedAt, UpdatedAt, RowVersion) VALUES ('10', 'BLACKFRIDAY', 'Ngày thứ 6 đen tối', 'Percent', '50.00', '1000000.00', '300000.00', 0, NULL, NULL, 1, 1, 1, 0, '2026-05-10 14:26:17.6219762', '2026-05-10 14:26:17.6219762', '0x00000000000055F9');
INSERT INTO Vouchers (Id, Code, Description, DiscountType, DiscountValue, MinOrderAmount, MaxDiscountAmount, UsageLimit, StartDate, EndDate, IsActive, IsDeleted, LimitPerUser, Category, CreatedAt, UpdatedAt, RowVersion) VALUES ('11', 'XMAS2026', 'Giáng sinh an lành', 'Fixed', '80000.00', '600000.00', '.00', 0, NULL, NULL, 1, 1, 1, 0, '2026-05-10 14:26:17.6219764', '2026-05-10 14:26:17.6219765', '0x0000000000004E21');
INSERT INTO Vouchers (Id, Code, Description, DiscountType, DiscountValue, MinOrderAmount, MaxDiscountAmount, UsageLimit, StartDate, EndDate, IsActive, IsDeleted, LimitPerUser, Category, CreatedAt, UpdatedAt, RowVersion) VALUES ('12', 'WEEKEND', 'Cuối tuần rực rỡ', 'Percent', '5.00', '50000.00', '.00', '5', '2026-05-11 12:59:00.0000000', NULL, 1, 1, 1, 0, '2026-05-10 14:26:17.6219767', '2026-05-10 14:26:17.6219767', '0x00000000000055F8');
INSERT INTO Vouchers (Id, Code, Description, DiscountType, DiscountValue, MinOrderAmount, MaxDiscountAmount, UsageLimit, StartDate, EndDate, IsActive, IsDeleted, LimitPerUser, Category, CreatedAt, UpdatedAt, RowVersion) VALUES ('1006', 'ABC', 'cde', 'Percent', '100.00', '.00', '.00', '9999', '2026-05-14 10:21:00.0000000', NULL, 1, 1, 1, 1, '2026-05-14 10:22:23.7235991', '2026-05-14 10:22:23.7235991', '0x000000000000560E');
INSERT INTO Vouchers (Id, Code, Description, DiscountType, DiscountValue, MinOrderAmount, MaxDiscountAmount, UsageLimit, StartDate, EndDate, IsActive, IsDeleted, LimitPerUser, Category, CreatedAt, UpdatedAt, RowVersion) VALUES ('2002', 'GIẢM 30K', 'Khách hàng đăng kí tài khoản trên web', 'Fixed', '30000.00', '380000.00', '.00', '100', '2026-05-14 14:36:00.0000000', NULL, 1, 0, '10', 0, '2026-05-14 14:37:36.1428089', '2026-05-14 14:37:36.1428089', '0x0000000000006D64');
INSERT INTO Vouchers (Id, Code, Description, DiscountType, DiscountValue, MinOrderAmount, MaxDiscountAmount, UsageLimit, StartDate, EndDate, IsActive, IsDeleted, LimitPerUser, Category, CreatedAt, UpdatedAt, RowVersion) VALUES ('2005', 'GIẢM 50K', 'Mua từ 2 sản phẩm', 'Fixed', '50000.00', '650000.00', '.00', '99', '2026-05-14 14:40:00.0000000', NULL, 1, 0, '10', 0, '2026-05-14 14:41:26.9362596', '2026-05-14 14:41:26.9362596', '0x0000000000006D61');
INSERT INTO Vouchers (Id, Code, Description, DiscountType, DiscountValue, MinOrderAmount, MaxDiscountAmount, UsageLimit, StartDate, EndDate, IsActive, IsDeleted, LimitPerUser, Category, CreatedAt, UpdatedAt, RowVersion) VALUES ('2006', 'QUÀ TẶNG', 'Tặng kèm túi tote', 'Fixed', '1.00', '350000.00', '.00', '100', '2026-05-18 07:21:00.0000000', NULL, 1, 0, '10', 1, '2026-05-18 07:22:52.0298467', '2026-05-18 07:22:52.0298468', '0x0000000000007548');

-- Table: UserVouchers
-- Columns: Id, VoucherId, UserId, SavedAt, IsUsed
INSERT INTO UserVouchers (Id, VoucherId, UserId, SavedAt, IsUsed) VALUES (1, '11', '46257b1c-a8a3-431f-baf1-550e743597a9', '2026-05-10 15:16:03.3126790', 0);
INSERT INTO UserVouchers (Id, VoucherId, UserId, SavedAt, IsUsed) VALUES ('2', '10', '46257b1c-a8a3-431f-baf1-550e743597a9', '2026-05-12 11:22:46.4425014', 0);
INSERT INTO UserVouchers (Id, VoucherId, UserId, SavedAt, IsUsed) VALUES ('3', '12', '46257b1c-a8a3-431f-baf1-550e743597a9', '2026-05-12 11:23:03.2855838', 0);
INSERT INTO UserVouchers (Id, VoucherId, UserId, SavedAt, IsUsed) VALUES ('1002', '2002', '799cfe06-8ef0-4c68-bf52-3b70f7192aa9', '2026-05-14 14:44:50.5845390', 0);
INSERT INTO UserVouchers (Id, VoucherId, UserId, SavedAt, IsUsed) VALUES ('1003', '2005', '799cfe06-8ef0-4c68-bf52-3b70f7192aa9', '2026-05-14 14:44:51.3796869', 0);
INSERT INTO UserVouchers (Id, VoucherId, UserId, SavedAt, IsUsed) VALUES ('1004', '2005', '46257b1c-a8a3-431f-baf1-550e743597a9', '2026-05-14 15:09:16.6947218', 0);

-- Table: VoucherUsages
-- Columns: Id, VoucherId, UserId, OrderId, UsedAt
INSERT INTO VoucherUsages (Id, VoucherId, UserId, OrderId, UsedAt) VALUES (1, '2005', '46257b1c-a8a3-431f-baf1-550e743597a9', '1002', '2026-05-17 14:46:20.8439732');

-- Table: SaleEvents
-- Columns: Id, Name, Slug, Description, BannerUrl, StartTime, EndTime, IsDeleted, IsActive
INSERT INTO SaleEvents (Id, Name, Slug, Description, BannerUrl, StartTime, EndTime, IsDeleted, IsActive) VALUES (1, 'FLASH SALE', 'FLASH SALE', NULL, 'https://res.cloudinary.com/doghoyjzh/image/upload/v1779031408/ffp9kmqygtrjvciyegz5.jpg', '2026-05-11 23:48:00.0000000', '2026-05-28 07:59:00.0000000', 0, 1);

-- Table: SaleEventProducts
-- Columns: SaleEventId, ProductId, FlashStock, RowVersion, SalePrice, SoldCount
INSERT INTO SaleEventProducts (SaleEventId, ProductId, FlashStock, RowVersion, SalePrice, SoldCount) VALUES (1, '5', '2', '0x0000000000007557', '320000.00', 0);
INSERT INTO SaleEventProducts (SaleEventId, ProductId, FlashStock, RowVersion, SalePrice, SoldCount) VALUES (1, '9', '3', '0x0000000000007558', '320000.00', 0);
INSERT INTO SaleEventProducts (SaleEventId, ProductId, FlashStock, RowVersion, SalePrice, SoldCount) VALUES (1, '1016', '5', '0x0000000000007559', '320000.00', 0);

-- Table: HomeBanners
-- Columns: Id, Title, Subtitle, LinkUrl, ImageUrl, DisplayOrder, IsActive, IsDeleted, CreatedAt, UpdatedAt
INSERT INTO HomeBanners (Id, Title, Subtitle, LinkUrl, ImageUrl, DisplayOrder, IsActive, IsDeleted, CreatedAt, UpdatedAt) VALUES (1, NULL, NULL, NULL, 'https://res.cloudinary.com/doghoyjzh/image/upload/v1778940810/h7ppmj6egfgn1ys54lcr.jpg', 0, 1, 0, '2026-05-10 15:04:37.1498122', '2026-05-10 15:04:37.1498122');
INSERT INTO HomeBanners (Id, Title, Subtitle, LinkUrl, ImageUrl, DisplayOrder, IsActive, IsDeleted, CreatedAt, UpdatedAt) VALUES ('2', NULL, NULL, NULL, 'https://res.cloudinary.com/doghoyjzh/image/upload/v1779028227/rx1yy9dsluxwb2dmzjxj.jpg', 1, 1, 0, '2026-05-12 11:32:49.8462685', '2026-05-12 11:32:49.8462685');

-- Table: TopBarPromos
-- Columns: Id, Content, DisplayOrder, IsActive, CreatedAt, UpdatedAt, IsDeleted
INSERT INTO TopBarPromos (Id, Content, DisplayOrder, IsActive, CreatedAt, UpdatedAt, IsDeleted) VALUES (1, 'Chào mừng bạn đến với Ghosttrick!', 1, 1, '2026-05-11 12:38:36.0649059', '2026-05-11 12:38:36.0649059', 1);
INSERT INTO TopBarPromos (Id, Content, DisplayOrder, IsActive, CreatedAt, UpdatedAt, IsDeleted) VALUES ('2', 'Freeship cho tất cả đơn hàng', 1, 1, '2026-05-11 12:38:36.0649613', '2026-05-11 12:38:36.0649613', 0);
INSERT INTO TopBarPromos (Id, Content, DisplayOrder, IsActive, CreatedAt, UpdatedAt, IsDeleted) VALUES ('3', 'Giảm ngay 30k khi đăng ký thành viên', '3', 1, '2026-05-11 12:38:36.0649615', '2026-05-11 12:38:36.0649615', 0);
INSERT INTO TopBarPromos (Id, Content, DisplayOrder, IsActive, CreatedAt, UpdatedAt, IsDeleted) VALUES ('4', 'Hàng mới về - Mua ngay kẻo lỡ!', '4', 1, '2026-05-11 12:38:36.0649616', '2026-05-11 12:38:36.0649617', 1);

-- Table: Feedbacks
-- Columns: Id, ImageUrl, IsActive, DisplayOrder, CreatedAt, UpdatedAt, IsDeleted, PublicId, Subtitle, Title
INSERT INTO Feedbacks (Id, ImageUrl, IsActive, DisplayOrder, CreatedAt, UpdatedAt, IsDeleted, PublicId, Subtitle, Title) VALUES (1, 'http://135.235.139.8/uploads/feedbacks/b03a2d05-db2e-4b17-b7ae-a6456711c0c9.jpg', 1, 1, '2026-05-11 09:07:39.9583134', '2026-05-11 11:11:34.8783547', 1, NULL, NULL, NULL);
INSERT INTO Feedbacks (Id, ImageUrl, IsActive, DisplayOrder, CreatedAt, UpdatedAt, IsDeleted, PublicId, Subtitle, Title) VALUES ('2', 'http://135.235.139.8/uploads/feedbacks/9a3707e1-c7c2-4eec-a30d-dab231c7243f.jpg', 1, '2', '2026-05-11 09:08:08.5981285', '2026-05-11 13:42:21.2415596', 1, NULL, NULL, NULL);
INSERT INTO Feedbacks (Id, ImageUrl, IsActive, DisplayOrder, CreatedAt, UpdatedAt, IsDeleted, PublicId, Subtitle, Title) VALUES ('1002', 'http://135.235.139.8/uploads/feedbacks/68f363bd-db27-4dff-8753-21484657d842.jpg', 1, 1, '2026-05-11 11:11:41.3925463', '2026-05-11 13:42:18.3487875', 1, NULL, NULL, NULL);
INSERT INTO Feedbacks (Id, ImageUrl, IsActive, DisplayOrder, CreatedAt, UpdatedAt, IsDeleted, PublicId, Subtitle, Title) VALUES ('2002', 'https://res.cloudinary.com/doghoyjzh/image/upload/v1778585110/xzbl1kfiwbpl6pzo1y0r.jpg', 1, 1, '2026-05-12 11:25:10.8632783', '2026-05-13 15:14:56.7168082', 1, 'xzbl1kfiwbpl6pzo1y0r', NULL, NULL);
INSERT INTO Feedbacks (Id, ImageUrl, IsActive, DisplayOrder, CreatedAt, UpdatedAt, IsDeleted, PublicId, Subtitle, Title) VALUES ('2003', 'https://res.cloudinary.com/doghoyjzh/image/upload/v1778585153/cfaysafuysxl30m6fymh.jpg', 1, '2', '2026-05-12 11:25:54.2202393', '2026-05-13 15:15:02.0071261', 1, 'cfaysafuysxl30m6fymh', NULL, NULL);
INSERT INTO Feedbacks (Id, ImageUrl, IsActive, DisplayOrder, CreatedAt, UpdatedAt, IsDeleted, PublicId, Subtitle, Title) VALUES ('3002', 'https://res.cloudinary.com/doghoyjzh/image/upload/v1778736960/ocxhkzgaaeqqfqh6rfei.jpg', 1, 1, '2026-05-14 05:36:01.1205650', '2026-05-14 09:26:10.6043071', 1, 'ocxhkzgaaeqqfqh6rfei', NULL, 'BẢO HÀNH');
INSERT INTO Feedbacks (Id, ImageUrl, IsActive, DisplayOrder, CreatedAt, UpdatedAt, IsDeleted, PublicId, Subtitle, Title) VALUES ('3003', 'https://res.cloudinary.com/doghoyjzh/image/upload/v1778831451/z7budiiood2c8thc7nma.jpg', 1, '2', '2026-05-14 05:36:40.1693412', '2026-05-15 07:50:52.9959557', 0, 'z7budiiood2c8thc7nma', NULL, NULL);
INSERT INTO Feedbacks (Id, ImageUrl, IsActive, DisplayOrder, CreatedAt, UpdatedAt, IsDeleted, PublicId, Subtitle, Title) VALUES ('3004', 'https://res.cloudinary.com/doghoyjzh/image/upload/v1778750880/obgdzpwddkjpgmarfhes.jpg', 1, '3', '2026-05-14 05:37:07.4343274', '2026-05-14 09:28:01.9038868', 0, 'obgdzpwddkjpgmarfhes', NULL, NULL);
INSERT INTO Feedbacks (Id, ImageUrl, IsActive, DisplayOrder, CreatedAt, UpdatedAt, IsDeleted, PublicId, Subtitle, Title) VALUES ('3005', 'https://res.cloudinary.com/doghoyjzh/image/upload/v1778750789/jwv1ri68fnhwdvublzch.jpg', 1, 1, '2026-05-14 09:26:29.8941829', '2026-05-14 09:26:29.8940895', 0, 'jwv1ri68fnhwdvublzch', NULL, NULL);

-- Table: ProductReviews
-- Columns: Id, ProductId, UserId, UserName, UserAvatarUrl, Rating, Comment, IsApproved, IsFake, CreatedAt, UpdatedAt, IsDeleted, IsVerifiedPurchase, OrderId
INSERT INTO ProductReviews (Id, ProductId, UserId, UserName, UserAvatarUrl, Rating, Comment, IsApproved, IsFake, CreatedAt, UpdatedAt, IsDeleted, IsVerifiedPurchase, OrderId) VALUES (1, '3', '46257b1c-a8a3-431f-baf1-550e743597a9', 'peekaa', 'https://res.cloudinary.com/doghoyjzh/image/upload/v1779202176/nwdmla0hyhv6ytktvxyd.webp', '5', 'Áo đẹp, chất lượng, brand đóng gói chỉn chu. Mix quần đùi, jeans, túi hộp gì cũng okla hết nha.', 1, 1, '2026-05-19 14:49:50.1099851', '2026-05-19 14:49:50.1099238', 0, 1, NULL);
INSERT INTO ProductReviews (Id, ProductId, UserId, UserName, UserAvatarUrl, Rating, Comment, IsApproved, IsFake, CreatedAt, UpdatedAt, IsDeleted, IsVerifiedPurchase, OrderId) VALUES ('2', '3', '46257b1c-a8a3-431f-baf1-550e743597a9', 'vananhtuangau', NULL, '5', 'Áo đẹp lắm ạ, hoạ tiết đẹp, tỉ mỉ, giao hàng nhanh. Có quà tặng kèm', 1, 1, '2026-05-19 14:50:28.1021459', '2026-05-19 14:50:28.1021453', 0, 1, NULL);
INSERT INTO ProductReviews (Id, ProductId, UserId, UserName, UserAvatarUrl, Rating, Comment, IsApproved, IsFake, CreatedAt, UpdatedAt, IsDeleted, IsVerifiedPurchase, OrderId) VALUES ('3', '13', '46257b1c-a8a3-431f-baf1-550e743597a9', 'hnggkin573', NULL, '5', 'Áo mặc lên đẹp lắm mn ơi. Đồ Ghost trick thì khỏi bàn rùi. Vải dày dặn, hình in nét. Có tặng túi tote nha', 1, 1, '2026-05-19 14:53:00.6285437', '2026-05-19 14:53:00.6285433', 0, 1, NULL);

-- Table: SizeCharts
-- Columns: Id, Name, ImageUrl, CreatedAt, UpdatedAt, IsDeleted
INSERT INTO SizeCharts (Id, Name, ImageUrl, CreatedAt, UpdatedAt, IsDeleted) VALUES (1, 'Áo Thun Oversize', 'https://res.cloudinary.com/doghoyjzh/image/upload/v1778572402/nncemelkqeumkmjjvclz.jpg', '2026-05-12 07:53:22.9174765', '2026-05-12 07:53:22.9174765', 0);
INSERT INTO SizeCharts (Id, Name, ImageUrl, CreatedAt, UpdatedAt, IsDeleted) VALUES ('2', 'Áo thun dài tay', 'https://res.cloudinary.com/doghoyjzh/image/upload/v1778647297/delpvy5eskithy2dqesw.png', '2026-05-13 04:41:37.9502112', '2026-05-13 04:41:37.9502112', 0);
INSERT INTO SizeCharts (Id, Name, ImageUrl, CreatedAt, UpdatedAt, IsDeleted) VALUES ('3', 'Áo thun Bigboxy', 'https://res.cloudinary.com/doghoyjzh/image/upload/v1778647326/ytnesplpsh0e3ocl0l0h.png', '2026-05-13 04:42:07.2152339', '2026-05-13 04:42:07.2152339', 0);
INSERT INTO SizeCharts (Id, Name, ImageUrl, CreatedAt, UpdatedAt, IsDeleted) VALUES ('4', 'Áo sweater Boxy', 'https://res.cloudinary.com/doghoyjzh/image/upload/v1778647348/wd2bqguy3m94amkgd8rb.png', '2026-05-13 04:42:28.8457922', '2026-05-13 04:42:28.8457922', 0);
INSERT INTO SizeCharts (Id, Name, ImageUrl, CreatedAt, UpdatedAt, IsDeleted) VALUES ('5', 'Áo hoodie oversize', 'https://res.cloudinary.com/doghoyjzh/image/upload/v1778647367/vv88pmxeitc7ucbbidnl.png', '2026-05-13 04:42:48.6257513', '2026-05-13 04:42:48.6257513', 0);
INSERT INTO SizeCharts (Id, Name, ImageUrl, CreatedAt, UpdatedAt, IsDeleted) VALUES ('6', 'DÀI TAY K BO CHUN', 'https://res.cloudinary.com/doghoyjzh/image/upload/v1778898678/b4zsgaae7tiiuu1ejsnw.png', '2026-05-16 02:31:19.5460770', '2026-05-16 02:31:19.5460770', 0);
INSERT INTO SizeCharts (Id, Name, ImageUrl, CreatedAt, UpdatedAt, IsDeleted) VALUES ('7', 'RAGLAN DÀI TAY', 'https://res.cloudinary.com/doghoyjzh/image/upload/v1778898700/pvg9hx9kyxx6oiye8iiz.png', '2026-05-16 02:31:41.4838363', '2026-05-16 02:31:41.4838364', 0);
INSERT INTO SizeCharts (Id, Name, ImageUrl, CreatedAt, UpdatedAt, IsDeleted) VALUES ('8', 'JERSEY', 'https://res.cloudinary.com/doghoyjzh/image/upload/v1779087986/tthwsc2tspdi6nbgibn9.png', '2026-05-18 07:06:26.5422466', '2026-05-18 07:06:26.5422467', 0);
INSERT INTO SizeCharts (Id, Name, ImageUrl, CreatedAt, UpdatedAt, IsDeleted) VALUES ('1008', 'BABY TEE', 'https://res.cloudinary.com/doghoyjzh/image/upload/v1779183338/h4sgvgkmnszhdiqn4z6g.png', '2026-05-19 09:35:39.3873607', '2026-05-19 09:35:39.3873608', 0);

-- Table: Policies
-- Columns: Id, Slug, Title, Content, UpdatedAt, IsDeleted, CreatedAt
INSERT INTO Policies (Id, Slug, Title, Content, UpdatedAt, IsDeleted, CreatedAt) VALUES (1, 'doi-tra', 'Chính sách đổi trả', 'Hỗ trợ đổi trả trong 7 ngày.', '2026-05-10 14:26:17.7052211', 0, '2026-05-10 14:26:17.7052211');
INSERT INTO Policies (Id, Slug, Title, Content, UpdatedAt, IsDeleted, CreatedAt) VALUES ('2', 'van-chuyen', 'Chính sách vận chuyển', 'Giao hàng toàn quốc.', '2026-05-10 14:26:17.7053019', 0, '2026-05-10 14:26:17.7053019');

-- Table: SystemSettings
-- Columns: Id, Key, Value, Description, CreatedAt, UpdatedAt, IsDeleted
INSERT INTO SystemSettings (Id, Key, Value, Description, CreatedAt, UpdatedAt, IsDeleted) VALUES (1, 'OrderNotificationEmail', 'trantunglinh29@gmail.com', 'Email nhận thông báo khi có đơn hàng mới', '2026-05-11 12:38:36.1875168', '2026-05-12 11:24:36.1477006', 0);
INSERT INTO SystemSettings (Id, Key, Value, Description, CreatedAt, UpdatedAt, IsDeleted) VALUES ('2', 'TelegramToken', '8693852145:AAG3N59aq0dNg6u3ae5iNB4KD39E4MFLMWE', NULL, '2026-05-12 05:01:53.8939380', '2026-05-12 13:35:59.0469767', 0);
INSERT INTO SystemSettings (Id, Key, Value, Description, CreatedAt, UpdatedAt, IsDeleted) VALUES ('3', 'TelegramChatId', '1714879241', NULL, '2026-05-12 05:02:00.0758623', '2026-05-12 11:24:36.2691783', 0);
INSERT INTO SystemSettings (Id, Key, Value, Description, CreatedAt, UpdatedAt, IsDeleted) VALUES ('4', 'AutoBackupEnabled', 'true', NULL, '2026-05-12 05:02:15.3860003', '2026-05-12 11:24:36.2713582', 0);
INSERT INTO SystemSettings (Id, Key, Value, Description, CreatedAt, UpdatedAt, IsDeleted) VALUES ('1002', 'FeedbackSection_Title', 'THƯƠNG HIỆU', NULL, '2026-05-12 11:24:33.2061630', '2026-05-14 05:40:07.8730255', 0);
INSERT INTO SystemSettings (Id, Key, Value, Description, CreatedAt, UpdatedAt, IsDeleted) VALUES ('1003', 'FeedbackSection_ButtonUrl', NULL, NULL, '2026-05-12 11:24:33.3036966', '2026-05-12 11:24:36.1448436', 0);
INSERT INTO SystemSettings (Id, Key, Value, Description, CreatedAt, UpdatedAt, IsDeleted) VALUES ('1004', 'FeedbackSection_ButtonText', NULL, NULL, '2026-05-12 11:24:33.3036995', '2026-05-12 11:24:36.1453539', 0);
INSERT INTO SystemSettings (Id, Key, Value, Description, CreatedAt, UpdatedAt, IsDeleted) VALUES ('1005', 'FeedbackSection_Subtitle', NULL, NULL, '2026-05-12 11:24:33.3131988', '2026-05-14 05:40:07.9654993', 0);
INSERT INTO SystemSettings (Id, Key, Value, Description, CreatedAt, UpdatedAt, IsDeleted) VALUES ('1006', 'FeedbackSection_ShowButton', 'true', NULL, '2026-05-12 11:24:33.3148328', '2026-05-12 11:24:36.1439732', 0);
INSERT INTO SystemSettings (Id, Key, Value, Description, CreatedAt, UpdatedAt, IsDeleted) VALUES ('1007', 'PaymentQRCodeUrl', 'https://res.cloudinary.com/doghoyjzh/image/upload/v1779090916/gt5z6wbbr2k8756hf4rz.png', NULL, '2026-05-12 13:37:17.7696451', '2026-05-18 07:55:17.0653566', 0);

-- Table: InventoryTransactions
-- Columns: Id, VariantId, Quantity, Type, Note, ReferenceId, CreatedAt, CreatedBy
INSERT INTO InventoryTransactions (Id, VariantId, Quantity, Type, Note, ReferenceId, CreatedAt, CreatedBy) VALUES (1, 1, '-1', 'Sale', 'Xuất kho bán hàng - Đơn hàng 1', 1, '2026-05-11 11:12:14.2798294', NULL);
INSERT INTO InventoryTransactions (Id, VariantId, Quantity, Type, Note, ReferenceId, CreatedAt, CreatedBy) VALUES ('2', '1030', '-1', 'Sale', 'Xuất kho bán hàng - Đơn hàng 2', '2', '2026-05-17 10:50:53.1106449', NULL);
INSERT INTO InventoryTransactions (Id, VariantId, Quantity, Type, Note, ReferenceId, CreatedAt, CreatedBy) VALUES ('1002', '1048', '-1', 'Sale', 'Xuất kho bán hàng - Đơn hàng 1002', '1002', '2026-05-17 14:46:20.8175614', NULL);
INSERT INTO InventoryTransactions (Id, VariantId, Quantity, Type, Note, ReferenceId, CreatedAt, CreatedBy) VALUES ('1003', '1046', '-1', 'Sale', 'Xuất kho bán hàng - Đơn hàng 1002', '1002', '2026-05-17 14:46:20.8284367', NULL);
INSERT INTO InventoryTransactions (Id, VariantId, Quantity, Type, Note, ReferenceId, CreatedAt, CreatedBy) VALUES ('2002', '1052', '-1', 'Sale', 'Xuất kho bán hàng - Đơn hàng 2002', '2002', '2026-05-19 09:24:55.0280910', NULL);

-- Table: OtpCodes
-- Columns: Id, Code, ExpiresAt, IsUsed, CreatedAt, UserId
INSERT INTO OtpCodes (Id, Code, ExpiresAt, IsUsed, CreatedAt, UserId) VALUES (1, '727041', '2026-05-17 11:06:44.7896228', 1, '2026-05-17 10:56:44.7895933', '7b532411-18df-48b4-8326-5225771ddc73');
INSERT INTO OtpCodes (Id, Code, ExpiresAt, IsUsed, CreatedAt, UserId) VALUES ('2', '967966', '2026-05-17 11:07:28.8450685', 1, '2026-05-17 10:57:28.8450678', '7b532411-18df-48b4-8326-5225771ddc73');

-- Table: RefreshTokens
-- Columns: Id, Token, ExpiresAt, IsRevoked, CreatedAt, UserId
INSERT INTO RefreshTokens (Id, Token, ExpiresAt, IsRevoked, CreatedAt, UserId) VALUES (1, 'Ir4RzNtvGIJQsJGf1frwPON3XDHVZmmIkwDF9dCQrHu1dDSph9kUgV39haXpKV1NnnzDJHVQuXpCeFICOBNw4g==', '2026-06-09 15:03:08.2756710', 0, '2026-05-10 15:03:08.2756436', '46257b1c-a8a3-431f-baf1-550e743597a9');
INSERT INTO RefreshTokens (Id, Token, ExpiresAt, IsRevoked, CreatedAt, UserId) VALUES ('2', 'MA7xIBSjP9GzvKwZKzz2D0HZVVVNM6V+MxsWnWQS2bj7oaHAe6+3d5Wuv+SpJVhwAHH4OMy6YUrYw3/4WJGJLA==', '2026-06-10 06:41:27.4961230', 1, '2026-05-11 06:41:27.4960959', '46257b1c-a8a3-431f-baf1-550e743597a9');
INSERT INTO RefreshTokens (Id, Token, ExpiresAt, IsRevoked, CreatedAt, UserId) VALUES ('3', 'MDpAseCMUEMrOvNQoBrpNzI0xU1TOvlqo/u+xM7OgRr+L3eFlc3irNNuFybvnR+FJZ7OQJe+glQ5sflvzQ1WDA==', '2026-06-10 08:57:33.2328538', 1, '2026-05-11 08:57:33.2328533', '46257b1c-a8a3-431f-baf1-550e743597a9');
INSERT INTO RefreshTokens (Id, Token, ExpiresAt, IsRevoked, CreatedAt, UserId) VALUES ('1002', 'R81ub+sR2A5V/mVOnc2OQ6vdh1QY+5R/HfjHH+RRsIbu72hhMzK16iBVS3HmAl73pESOrwrSU4bR6dKKjl5Seg==', '2026-06-10 10:27:22.7523533', 1, '2026-05-11 10:27:22.7523266', '46257b1c-a8a3-431f-baf1-550e743597a9');
INSERT INTO RefreshTokens (Id, Token, ExpiresAt, IsRevoked, CreatedAt, UserId) VALUES ('2002', 'g4LNAsfNQDMaF03PTPe2W2J2pMj/+Do2QWz4iluG+aJltHy1Lpea7xNfnDJuKiIfeQUGS1BTzpVwYuZA4Ju+tw==', '2026-06-10 11:33:21.1751363', 1, '2026-05-11 11:33:21.1751101', '46257b1c-a8a3-431f-baf1-550e743597a9');
INSERT INTO RefreshTokens (Id, Token, ExpiresAt, IsRevoked, CreatedAt, UserId) VALUES ('2003', 'Szkuw+KCRiF44EmrwvMRr+gShBbQLn2gLUWLyKyBxnMgoJqmv3CmGWsXSxWWOhxb7dXczVvGhqiJPLO2TUJMPA==', '2026-06-10 12:23:03.1825491', 0, '2026-05-11 12:23:03.1825490', '46257b1c-a8a3-431f-baf1-550e743597a9');
INSERT INTO RefreshTokens (Id, Token, ExpiresAt, IsRevoked, CreatedAt, UserId) VALUES ('3002', '8wwPrSfIAg+wGO0pu3J2jmf49fMsFz25sTAFFZO+wlgumDcE6Vb/7ILtDU7LbS9P3eqPRXUItNciwLlsh2CROA==', '2026-06-10 12:38:37.3819438', 0, '2026-05-11 12:38:37.3818821', '46257b1c-a8a3-431f-baf1-550e743597a9');
INSERT INTO RefreshTokens (Id, Token, ExpiresAt, IsRevoked, CreatedAt, UserId) VALUES ('3003', '6NW8LqR3/uszKB7XkOa8MSDK7Qvdeqr2vGYhvGEA7z+Zw9qVjbRXyiVYu7/8kTs+xUFspgLBTqixDEXo5BW1vQ==', '2026-06-10 12:38:37.3819355', 1, '2026-05-11 12:38:37.3818716', '46257b1c-a8a3-431f-baf1-550e743597a9');
INSERT INTO RefreshTokens (Id, Token, ExpiresAt, IsRevoked, CreatedAt, UserId) VALUES ('3004', '5ZLm0Vx4eAzQj4DcdoKsuC6Nsbs1QGSzOk0H060Y/LoeurTunPi9mvRFDwcAh3so+q8TXlG66zAOKKYhvcjDGg==', '2026-06-10 12:38:37.6751194', 1, '2026-05-11 12:38:37.6751192', '46257b1c-a8a3-431f-baf1-550e743597a9');
INSERT INTO RefreshTokens (Id, Token, ExpiresAt, IsRevoked, CreatedAt, UserId) VALUES ('3005', '6LDGHMhFs6Z3Fjp0JHRTwKVyH4EI+Ld9gzQQTrafYDhHCbu+DZO3FqOfEcW9od6JO7i7QjH4BN8YrCCkdQvJvA==', '2026-06-10 13:21:18.3618657', 1, '2026-05-11 13:21:18.3618654', '46257b1c-a8a3-431f-baf1-550e743597a9');
INSERT INTO RefreshTokens (Id, Token, ExpiresAt, IsRevoked, CreatedAt, UserId) VALUES ('3006', 'fYa9VgLRtUvr23X5H3qfO9/ddngzQDtu3gtv77CnwET+AMDfzBkjmNOEngeGnYCtRRfkwnvGffUuUzi01tUKRw==', '2026-06-10 14:12:22.0846873', 1, '2026-05-11 14:12:22.0846871', '46257b1c-a8a3-431f-baf1-550e743597a9');
INSERT INTO RefreshTokens (Id, Token, ExpiresAt, IsRevoked, CreatedAt, UserId) VALUES ('3007', 'I5bWP3tqv3WPBe7W7ej5m5bP7GTGwKdqDetkv1yIig1mUALu1hnlQPTbcDE4/ZUmCme+w1GnS+Q0UK66WoQqqA==', '2026-06-10 15:32:12.3592035', 0, '2026-05-11 15:32:12.3592032', '46257b1c-a8a3-431f-baf1-550e743597a9');
INSERT INTO RefreshTokens (Id, Token, ExpiresAt, IsRevoked, CreatedAt, UserId) VALUES ('3008', 'IZCGvkhzLRh/k3H5pW6mVbeYau6htwlte/2xEBubw5IvkDHJ9vfGJFtvNi+htkzQYE+DqQjucc9zkF6E1i9e2A==', '2026-06-10 15:33:50.8323203', 1, '2026-05-11 15:33:50.8323199', '46257b1c-a8a3-431f-baf1-550e743597a9');
INSERT INTO RefreshTokens (Id, Token, ExpiresAt, IsRevoked, CreatedAt, UserId) VALUES ('3009', 'PLGzS2ncbN75SNDGv4VIwR/+U+fICEew5EJb5j/qnAo6ElIIayVBbkQuQ5XtYipD9ubjEmOEGM2bfN4jz9ofNg==', '2026-06-10 23:37:21.8547088', 1, '2026-05-11 23:37:21.8547086', '46257b1c-a8a3-431f-baf1-550e743597a9');
INSERT INTO RefreshTokens (Id, Token, ExpiresAt, IsRevoked, CreatedAt, UserId) VALUES ('4002', 'EOf+8abKAM9Jso9VKW/lSN9aV5XT10szXYLSZC1h/5zv8Ylm9tNMOowExxrIx8mnsqvDWYKcmsYhqflpzxz3xw==', '2026-06-11 04:56:22.7911897', 0, '2026-05-12 04:56:22.7911302', '46257b1c-a8a3-431f-baf1-550e743597a9');
INSERT INTO RefreshTokens (Id, Token, ExpiresAt, IsRevoked, CreatedAt, UserId) VALUES ('4003', 'GmcrCBs/PB9B0j1qW5j8yaiAvdL1z+X+N8jwy78gXHUw92xgJMcfRUqVcocS2AbwoTBBiBiSL0NOY4/ktDkDQA==', '2026-06-11 04:56:22.7911979', 0, '2026-05-12 04:56:22.7911409', '46257b1c-a8a3-431f-baf1-550e743597a9');
INSERT INTO RefreshTokens (Id, Token, ExpiresAt, IsRevoked, CreatedAt, UserId) VALUES ('4004', 'Tz7dioX/++L+PjdzO6KTtP+jfCzdREtXZZWEGEdimU4mRM0jUQZgUpt4rpEGZ2PdBxw6U9iox4rqGNHhOnfD2g==', '2026-06-11 05:20:38.9855151', 1, '2026-05-12 05:20:38.9855148', '46257b1c-a8a3-431f-baf1-550e743597a9');
INSERT INTO RefreshTokens (Id, Token, ExpiresAt, IsRevoked, CreatedAt, UserId) VALUES ('4005', '0Qb6yrKqPQrOWTdyJdcyVZ4WILVr6N/Tuq00bz87Q82IRS2PGzjX73RjxMe15yx+av+nGU2BoN8mIv8gG2xQzg==', '2026-06-11 07:52:26.9736000', 1, '2026-05-12 07:52:26.9735997', '46257b1c-a8a3-431f-baf1-550e743597a9');
INSERT INTO RefreshTokens (Id, Token, ExpiresAt, IsRevoked, CreatedAt, UserId) VALUES ('4006', 'eG1tTn/gdcwvMyXCj7BwG6/QfLeEfYGHPvcCBwFbd2cVnE4aNhaCSXusV+pg8Fi6bj/ACTC6p+I5sYJwwng/Mg==', '2026-06-11 09:59:57.6718754', 1, '2026-05-12 09:59:57.6718751', '46257b1c-a8a3-431f-baf1-550e743597a9');
INSERT INTO RefreshTokens (Id, Token, ExpiresAt, IsRevoked, CreatedAt, UserId) VALUES ('5002', 'ALmGGVorpKW+CGPGXpd10lH7b+3HLrzpHg354MUQ7Lf7xilAk8o+Ee8ycUhDuGCo5n/Wz6LL3IokKs9UhLcHVg==', '2026-06-11 11:22:19.5601858', 0, '2026-05-12 11:22:19.5601581', '46257b1c-a8a3-431f-baf1-550e743597a9');
INSERT INTO RefreshTokens (Id, Token, ExpiresAt, IsRevoked, CreatedAt, UserId) VALUES ('5003', 'vP409GA/ISbUDm4myuyaqNN3o4Gt8Sxmw0pCCvhKgoHEIU8j/yZgv62Mez9qqRz3Xw687I29AL74K8EGOn102g==', '2026-06-11 12:34:32.7344946', 1, '2026-05-12 12:34:32.7344944', '46257b1c-a8a3-431f-baf1-550e743597a9');
INSERT INTO RefreshTokens (Id, Token, ExpiresAt, IsRevoked, CreatedAt, UserId) VALUES ('6002', '9WfF/KDzDIfVxLxC1JeEEEHHdAHCrLCKDdcQkRgXkp/jszcnTypD4WrKB2SYNIATUHVHIwd7EeT7haljyZ++oQ==', '2026-06-11 13:48:40.3380988', 1, '2026-05-12 13:48:40.3380414', '46257b1c-a8a3-431f-baf1-550e743597a9');
INSERT INTO RefreshTokens (Id, Token, ExpiresAt, IsRevoked, CreatedAt, UserId) VALUES ('6003', '4jHqcNuOLA87ikWiQ/G/CtWJC93I62IOEM/z/MmRKQDzvw/u7hhM/ZqS1Sgnr/vXgt77YV3eVvB4vkD5N2vLdQ==', '2026-06-11 13:48:40.3380909', 0, '2026-05-12 13:48:40.3380300', '46257b1c-a8a3-431f-baf1-550e743597a9');
INSERT INTO RefreshTokens (Id, Token, ExpiresAt, IsRevoked, CreatedAt, UserId) VALUES ('6004', 'iQlZnPJZ8+IjvQLv9mXq0UWBczg6O4UsojtyZPE4/0zZkyFwECbXoRO8IfhsPnRqLorBgaKWy7r7Mj8DwIW1LA==', '2026-06-11 15:28:13.9484893', 1, '2026-05-12 15:28:13.9484633', '46257b1c-a8a3-431f-baf1-550e743597a9');
INSERT INTO RefreshTokens (Id, Token, ExpiresAt, IsRevoked, CreatedAt, UserId) VALUES ('6005', 'J/Ekd76EYutfBQTxXeRJd7IPNPvlYcwK85I3N4QtK5MHkkaphE80/AncL4ta++4XB8djI6wTIwvQqYiKTjYpnw==', '2026-06-12 00:52:37.3448433', 1, '2026-05-13 00:52:37.3448431', '46257b1c-a8a3-431f-baf1-550e743597a9');
INSERT INTO RefreshTokens (Id, Token, ExpiresAt, IsRevoked, CreatedAt, UserId) VALUES ('6006', 'WPcERJ/clPfQpHo9LAdVWV5+O3j8H2A1rdviEqeOt6tYvlxV0IpRdz6m8fgWI//FwZJ581aeVpl6Yvioof4FoQ==', '2026-06-12 02:12:44.2147963', 0, '2026-05-13 02:12:44.2147959', '46257b1c-a8a3-431f-baf1-550e743597a9');
INSERT INTO RefreshTokens (Id, Token, ExpiresAt, IsRevoked, CreatedAt, UserId) VALUES ('6007', 'pt9J1lcDrdsLBRdcVWDv54fjlVi6aRweV7GMKGn0WTRyC6YB7I2zCWDJShg4/eYEV4SCsdFENctOuHPD6aNKVw==', '2026-06-12 02:36:48.5047255', 1, '2026-05-13 02:36:48.5047253', '46257b1c-a8a3-431f-baf1-550e743597a9');
INSERT INTO RefreshTokens (Id, Token, ExpiresAt, IsRevoked, CreatedAt, UserId) VALUES ('6008', '6AS+oaDvZtHsPqufevavJ+L+9fqxRxfC+EB1osiVKLMRqw+5QwmWv6h3jEs5l2hKZySNic191+A7DynRbqyUKQ==', '2026-06-12 02:36:48.6756658', 1, '2026-05-13 02:36:48.6756655', '46257b1c-a8a3-431f-baf1-550e743597a9');
INSERT INTO RefreshTokens (Id, Token, ExpiresAt, IsRevoked, CreatedAt, UserId) VALUES ('6009', 'jFilNduhE2ixNesPTrbAzzopEp7l9saulH9/CDko4E+ukV9LFipHC8jcxU5sMN5W26aQLdxinI9zMTVOdxx4eg==', '2026-06-12 04:18:43.6949377', 1, '2026-05-13 04:18:43.6949374', '46257b1c-a8a3-431f-baf1-550e743597a9');
INSERT INTO RefreshTokens (Id, Token, ExpiresAt, IsRevoked, CreatedAt, UserId) VALUES ('6010', '3hdpyLM25msGyA4KP+2iUyvySuN3auVpkHBDNL8IHdMCvchS+0TMrpe8ZrQwZZeaEoZxysA97yAl73TLWf4TwQ==', '2026-06-12 04:18:43.9175416', 1, '2026-05-13 04:18:43.9175414', '46257b1c-a8a3-431f-baf1-550e743597a9');
INSERT INTO RefreshTokens (Id, Token, ExpiresAt, IsRevoked, CreatedAt, UserId) VALUES ('6011', 'Duj0bTia09ve4zSyzAgwOts4XyNuM15KVRRWGO5qCmD0fpL74bZ/WZnYEDzx5akK7D5Qmio79ZQbOKooR6887A==', '2026-06-12 05:46:27.9508571', 1, '2026-05-13 05:46:27.9508568', '46257b1c-a8a3-431f-baf1-550e743597a9');
INSERT INTO RefreshTokens (Id, Token, ExpiresAt, IsRevoked, CreatedAt, UserId) VALUES ('6012', 'yCwI/nQeLR5WL7EcZmSofb1sk4Qac4asp/0NGtW9yizjj7uSe7npoUOglSdn+1yZF0S1QW01a0zDYWYcbaOQgQ==', '2026-06-12 07:00:59.5433769', 1, '2026-05-13 07:00:59.5433766', '46257b1c-a8a3-431f-baf1-550e743597a9');
INSERT INTO RefreshTokens (Id, Token, ExpiresAt, IsRevoked, CreatedAt, UserId) VALUES ('6013', '0cCwJXM2d4FqNCEc9cDFADiZyrbdsKlsUB4IwN6llwMUO5d9Jp3MkEQ8eKwZ5/mc+h0fBMskkA4b9Sc7ssZ67Q==', '2026-06-12 15:08:03.1108416', 0, '2026-05-13 15:08:03.1108150', '46257b1c-a8a3-431f-baf1-550e743597a9');
INSERT INTO RefreshTokens (Id, Token, ExpiresAt, IsRevoked, CreatedAt, UserId) VALUES ('6014', 'LDefh3ycZN31H6ptsfJg2ugC0niDBTHUTWT6fuqEPHE+B8ZtQCpux5qmpNqFxCb9wiM7B3wWNfaESUni8PSn6g==', '2026-06-12 15:08:40.2267988', 1, '2026-05-13 15:08:40.2267985', '46257b1c-a8a3-431f-baf1-550e743597a9');
INSERT INTO RefreshTokens (Id, Token, ExpiresAt, IsRevoked, CreatedAt, UserId) VALUES ('7013', 'bhJo4bfq6CfpGyc5PlKcTkyBjy6f0eBB6CFjurktO+ZkmNSg/ajW6UGr3PPNaiMZOjXeIIeMZemutsLUmijNBA==', '2026-06-13 00:32:30.3145268', 1, '2026-05-14 00:32:30.3145004', '46257b1c-a8a3-431f-baf1-550e743597a9');
INSERT INTO RefreshTokens (Id, Token, ExpiresAt, IsRevoked, CreatedAt, UserId) VALUES ('7014', '8jESyzGwDvPkJUZohSe0QGDy0yvZQI30p7Z/IZ29lbAYgVNZPBrUIun7ngd+V1VNvOwpMA3tegiWhQVjwD5sEA==', '2026-06-13 00:32:30.9024964', 1, '2026-05-14 00:32:30.9024962', '46257b1c-a8a3-431f-baf1-550e743597a9');
INSERT INTO RefreshTokens (Id, Token, ExpiresAt, IsRevoked, CreatedAt, UserId) VALUES ('7015', 'cR5nFhynEqIMvB5uafvuLUetfS79+ddWZxZUKwrKqbLgpVFgboAPqop+fNwyoH7VlgbqUQ+R5bJE/2esNeJgsg==', '2026-06-13 01:47:02.7119113', 1, '2026-05-14 01:47:02.7119111', '46257b1c-a8a3-431f-baf1-550e743597a9');
INSERT INTO RefreshTokens (Id, Token, ExpiresAt, IsRevoked, CreatedAt, UserId) VALUES ('7016', 'sOkXpkOmH1n4K+ulJy/70hmUj4Qc+OHYJbY3+eFJKPTixwxEiyHFh9/qRooOyAkyqKrbAIoL8hybQqmhh4MkrQ==', '2026-06-13 01:47:03.3243889', 1, '2026-05-14 01:47:03.3243888', '46257b1c-a8a3-431f-baf1-550e743597a9');
INSERT INTO RefreshTokens (Id, Token, ExpiresAt, IsRevoked, CreatedAt, UserId) VALUES ('8013', '/rLovBgWo0NPk6KP0r8rE9fiUGdeqTs5ddzwsrCJBRUAsXjACToG85ryWUjQuP8k7wczRXio45JgczbVEjfGXw==', '2026-06-13 03:09:55.5586705', 1, '2026-05-14 03:09:55.5586439', '46257b1c-a8a3-431f-baf1-550e743597a9');
INSERT INTO RefreshTokens (Id, Token, ExpiresAt, IsRevoked, CreatedAt, UserId) VALUES ('8014', 'JffoMWxzvxWb2k6NBkTm4NO4vnjWSo6ClySg6Eb7E5QJBqEyYM7ZEjppNaWBokGcA15J68o+kwHkBqDM2itc9Q==', '2026-06-13 04:54:40.6405957', 1, '2026-05-14 04:54:40.6405955', '46257b1c-a8a3-431f-baf1-550e743597a9');
INSERT INTO RefreshTokens (Id, Token, ExpiresAt, IsRevoked, CreatedAt, UserId) VALUES ('8015', 'XusDbHNDV/K3gfONWcTzu4m2g0eZO0Q5p7+nt5hlQ4OY9SZf7TPVPS2uFTh/hQ0FPscbCVz2/DoYZirDchxd1w==', '2026-06-13 07:38:50.5911853', 0, '2026-05-14 07:38:50.5911851', '46257b1c-a8a3-431f-baf1-550e743597a9');
INSERT INTO RefreshTokens (Id, Token, ExpiresAt, IsRevoked, CreatedAt, UserId) VALUES ('8016', 'CL3wLwtEYI1u2SlDIKvThtqTXf57lxLqEYtIYTDHyAgjKDHkiyjlevrPTteEyTBc7o4xEZY1CYW0JHhGYcWPMA==', '2026-06-13 09:24:42.7961717', 1, '2026-05-14 09:24:42.7961714', '46257b1c-a8a3-431f-baf1-550e743597a9');
INSERT INTO RefreshTokens (Id, Token, ExpiresAt, IsRevoked, CreatedAt, UserId) VALUES ('8017', 'KDRJylq1Yh2+oic7tHdURrlDLjjykBmm8rnWWzvyaNWHT+lNNylWcsbf3iMcqQFOUJhCH308Zr9kwSfyNbxi0w==', '2026-06-13 10:21:11.4337447', 1, '2026-05-14 10:21:11.4337445', '46257b1c-a8a3-431f-baf1-550e743597a9');
INSERT INTO RefreshTokens (Id, Token, ExpiresAt, IsRevoked, CreatedAt, UserId) VALUES ('8018', 'JpC9DnVOEuaz6hYOjiliiEjdTwmN2bFOtrt++fjZ6kbSUizN5sAnjj2GYjCqFUsHzF3YLOIZycl1kIifE/iGEg==', '2026-06-13 10:21:12.0193875', 1, '2026-05-14 10:21:12.0193872', '46257b1c-a8a3-431f-baf1-550e743597a9');
INSERT INTO RefreshTokens (Id, Token, ExpiresAt, IsRevoked, CreatedAt, UserId) VALUES ('8019', 'j2yVT/pX078oTgW8cckWnw5W+o2i1ELsfvajFCIUPwNmedqfsRD+hOsHPZ7qdmqxV1t4uav6Jq0ub4jIto7QCA==', '2026-06-13 10:40:07.6853004', 0, '2026-05-14 10:40:07.6853001', '46257b1c-a8a3-431f-baf1-550e743597a9');
INSERT INTO RefreshTokens (Id, Token, ExpiresAt, IsRevoked, CreatedAt, UserId) VALUES ('9013', 'ZRM89TZOJ9IqYZ5NGedYajQbdHjq3zdJKdtUXp7W3GO7BPq2jFHrGg6oEhCdt0nU/Uec+FjsU1LhjPMiM8q9Mg==', '2026-06-13 12:07:02.2892166', 0, '2026-05-14 12:07:02.2891890', '46257b1c-a8a3-431f-baf1-550e743597a9');
INSERT INTO RefreshTokens (Id, Token, ExpiresAt, IsRevoked, CreatedAt, UserId) VALUES ('10013', '/tUoT1zCzvsiWOjtqRQVlKgXf/MBZxeZw8361K60cf3WlinHqy5eeMcCIx+MEIaTBxEHzzrXAnytn/CHPK1qiA==', '2026-06-13 14:23:20.7881963', 0, '2026-05-14 14:23:20.7881693', '799cfe06-8ef0-4c68-bf52-3b70f7192aa9');
INSERT INTO RefreshTokens (Id, Token, ExpiresAt, IsRevoked, CreatedAt, UserId) VALUES ('11013', '0AixjmUbLUd6FJYOTiyGIXEmwAgGg1MdmoY5GgPtG05lVK/ZYDxsJegsRTanrVZEemQ6Di7LsxNlNsD4f5DINA==', '2026-06-13 14:30:45.2285793', 1, '2026-05-14 14:30:45.2285298', '799cfe06-8ef0-4c68-bf52-3b70f7192aa9');
INSERT INTO RefreshTokens (Id, Token, ExpiresAt, IsRevoked, CreatedAt, UserId) VALUES ('11014', 'tLi1rbCu0Xt2w26eFH4aYOIqkEiriq4Gt9DwhQzdYP3+nSpFQa9bEHt6XYFfjI6k/Bb9DWuoMzKGc79Dc8dVKg==', '2026-06-13 14:33:23.3845575', 1, '2026-05-14 14:33:23.3845573', '46257b1c-a8a3-431f-baf1-550e743597a9');
INSERT INTO RefreshTokens (Id, Token, ExpiresAt, IsRevoked, CreatedAt, UserId) VALUES ('11015', '1Fw7e91C6XUDqGDEgk7qdc8L2YP9Ns35OnfP0yrRP+WVMdS8HKl5yakXwOYksBVwv0CxsxY4qwjtDk9iLkSTFQ==', '2026-06-13 14:49:10.5348233', 1, '2026-05-14 14:49:10.5348231', '46257b1c-a8a3-431f-baf1-550e743597a9');
INSERT INTO RefreshTokens (Id, Token, ExpiresAt, IsRevoked, CreatedAt, UserId) VALUES ('11016', 'VillTCD6v9js01xbx1KTVV6fPxsABWciMzyR2BC1wkYtB0S6QAK9FGRKEDX9S4N9dNHz5+h04EryDGt6EB2oEg==', '2026-06-13 14:54:28.1025499', 1, '2026-05-14 14:54:28.1025496', '799cfe06-8ef0-4c68-bf52-3b70f7192aa9');
INSERT INTO RefreshTokens (Id, Token, ExpiresAt, IsRevoked, CreatedAt, UserId) VALUES ('11017', 'f4aS9jcfhcZgSUcqAliZ87fSfa0OZQSic1O5wlJw3ji11eVG3a5Pynk1TFBHqXxJhNkqb9hvZCy9OEEIjUx83A==', '2026-06-13 15:36:20.7881743', 1, '2026-05-14 15:36:20.7881741', '799cfe06-8ef0-4c68-bf52-3b70f7192aa9');
INSERT INTO RefreshTokens (Id, Token, ExpiresAt, IsRevoked, CreatedAt, UserId) VALUES ('11018', 'GGcKkXYHP8GywOLZOoKpr/0A0ij0Pi08gBHkGTzTMNwdY8HKUOHPZ84pYX5SUh9j1NTGV7kAe5Xuy7Xwybknrw==', '2026-06-13 17:33:07.0041743', 1, '2026-05-14 17:33:07.0041740', '799cfe06-8ef0-4c68-bf52-3b70f7192aa9');
INSERT INTO RefreshTokens (Id, Token, ExpiresAt, IsRevoked, CreatedAt, UserId) VALUES ('11019', 'rOaljkev0sQLufKcNr9A8bRqdSIRMkgCUiYg6F5UgidRKndystOtbc2kXqDgz5XMILkRdXtZLmat5SAZniernA==', '2026-06-14 02:32:16.3351017', 1, '2026-05-15 02:32:16.3351014', '799cfe06-8ef0-4c68-bf52-3b70f7192aa9');
INSERT INTO RefreshTokens (Id, Token, ExpiresAt, IsRevoked, CreatedAt, UserId) VALUES ('11020', 'NHKSvzJIB6e4GtTTLjSOro7mXB9BLMKV1ZFG3P055Gkn8cJSExG6IbRZ1TiUALHp3r6Oz5FbjVfq5fXZ2LhCvw==', '2026-06-14 03:24:55.1602277', 1, '2026-05-15 03:24:55.1602275', '46257b1c-a8a3-431f-baf1-550e743597a9');
INSERT INTO RefreshTokens (Id, Token, ExpiresAt, IsRevoked, CreatedAt, UserId) VALUES ('11021', 'YVtOlTcstn/0BX4MX7O6mj5QOpweObHR3QZxLALFNN2N9qShcDPtl4roUm9h319gASiOTXkMsKQenpM8XtAeZQ==', '2026-06-14 07:42:58.9098611', 1, '2026-05-15 07:42:58.9098607', '46257b1c-a8a3-431f-baf1-550e743597a9');
INSERT INTO RefreshTokens (Id, Token, ExpiresAt, IsRevoked, CreatedAt, UserId) VALUES ('11022', 'wL60RblqrhJB2UYaH9citnR0BpN3ghoCN+7YwIK/Jntx/lsSEtBeZcBDSmPxm91vVpdAUEkm1N3n/zpuxTruKw==', '2026-06-14 09:24:02.5598137', 1, '2026-05-15 09:24:02.5598135', '799cfe06-8ef0-4c68-bf52-3b70f7192aa9');
INSERT INTO RefreshTokens (Id, Token, ExpiresAt, IsRevoked, CreatedAt, UserId) VALUES ('11023', '1U+QK4uUoYuIQzfj370CSkwGyYMzoW63YR66xGyuBD2YvOm88G5ZK9RaCTgv6+mIE1PPswqUcsEy5lpIwF5jpQ==', '2026-06-15 02:30:15.4912428', 1, '2026-05-16 02:30:15.4912427', '46257b1c-a8a3-431f-baf1-550e743597a9');
INSERT INTO RefreshTokens (Id, Token, ExpiresAt, IsRevoked, CreatedAt, UserId) VALUES ('11024', 'HX4vvCYkTF8XMcMw32yMUkDhVNKANCpP70iKpxrGpYl1z4rP0ILHF2vUE6SL0PJ0o+GWENR/WyXDHP+x9t279A==', '2026-06-15 08:48:33.7359825', 1, '2026-05-16 08:48:33.7359823', '46257b1c-a8a3-431f-baf1-550e743597a9');
INSERT INTO RefreshTokens (Id, Token, ExpiresAt, IsRevoked, CreatedAt, UserId) VALUES ('11025', '7MPTWlYFv3GEwPJ5NJ6LcTi7VNBlQIBHattmhBe1vjb6a15x8cuuyXyRB2gVI228JVh+eeMJNLaZd9tD/RHieQ==', '2026-06-15 12:44:36.7013058', 1, '2026-05-16 12:44:36.7013056', '46257b1c-a8a3-431f-baf1-550e743597a9');
INSERT INTO RefreshTokens (Id, Token, ExpiresAt, IsRevoked, CreatedAt, UserId) VALUES ('11026', 'ZxHDGAyc1Daop40DDu1fFV7Hp2cixf4w8WMWuZlKoY+2033Uvr+fP26yWNb7BdKhY+YBK9Vu2xIgzrtQV+TBUA==', '2026-06-15 13:51:18.8375771', 1, '2026-05-16 13:51:18.8375769', '46257b1c-a8a3-431f-baf1-550e743597a9');
INSERT INTO RefreshTokens (Id, Token, ExpiresAt, IsRevoked, CreatedAt, UserId) VALUES ('11027', 'mDHYASjNfPUz02BaFEkHhU7RnSg5Bq33QhFLaMqXnHiR2DWb9c/EUKkmyFJNQgd3Pu0Mo1+62dxS17BSFfYvEA==', '2026-06-15 15:20:30.9892494', 1, '2026-05-16 15:20:30.9892492', '46257b1c-a8a3-431f-baf1-550e743597a9');
INSERT INTO RefreshTokens (Id, Token, ExpiresAt, IsRevoked, CreatedAt, UserId) VALUES ('11028', 'FssbaOyOtGrtWtSoTNrrf9nlVQAG/rXaBocy190wT52WRLxYWKlf6pVZijJD1M0/vRMUr4OcV5NSl0EbKIQprA==', '2026-06-16 04:10:57.0934817', 1, '2026-05-17 04:10:57.0934814', '46257b1c-a8a3-431f-baf1-550e743597a9');
INSERT INTO RefreshTokens (Id, Token, ExpiresAt, IsRevoked, CreatedAt, UserId) VALUES ('12027', 'hAyHst2zewYZyIxKsxFe0Pi61iHx1YWyszl/seU74a+Zxk2InLkJGdgFaiEOXtWkdBV5P52A/ae5Bf1frpEN/g==', '2026-06-16 10:43:22.0716480', 0, '2026-05-17 10:43:22.0716190', '799cfe06-8ef0-4c68-bf52-3b70f7192aa9');
INSERT INTO RefreshTokens (Id, Token, ExpiresAt, IsRevoked, CreatedAt, UserId) VALUES ('12028', 'RTj1uiAN7cW3nuG0GOlwbLdGyLariBT2JxadWIbY5H236P9tigioY0GV2yyjWtBC94bnOVz4wNsq+lLXyW2NjQ==', '2026-06-16 10:46:19.1476306', 0, '2026-05-17 10:46:19.1476305', '46257b1c-a8a3-431f-baf1-550e743597a9');
INSERT INTO RefreshTokens (Id, Token, ExpiresAt, IsRevoked, CreatedAt, UserId) VALUES ('12029', 'd0br8dyKNcbRD/iXSWizJRgumb8Yh+ofvjMcXX15YJpixxELt6LymjGiPWKBsA6eqIj+8zgFFxvBizliyNkCGA==', '2026-06-16 10:54:04.5098886', 1, '2026-05-17 10:54:04.5098884', '799cfe06-8ef0-4c68-bf52-3b70f7192aa9');
INSERT INTO RefreshTokens (Id, Token, ExpiresAt, IsRevoked, CreatedAt, UserId) VALUES ('12030', 'tyz6TKTgfOWtEVQcrxuI9qhoV2q1a7OmjiSq73A9MxW0Jm9ufjXy3USMijuqPzoQ+m1Wj3bDRdznOp2nG2OXow==', '2026-06-16 10:54:23.7191134', 0, '2026-05-17 10:54:23.7191132', '799cfe06-8ef0-4c68-bf52-3b70f7192aa9');
INSERT INTO RefreshTokens (Id, Token, ExpiresAt, IsRevoked, CreatedAt, UserId) VALUES ('12031', 'WpnucL8zyq+Eqds9+rZ6StlF5h0orCI4BNHXLwqWkrXxuDwVVvCWVZ1ZL2bQOFtgCG0CfHJFbk1QGawB924hdw==', '2026-06-16 10:56:47.8985036', 0, '2026-05-17 10:56:47.8985034', '7b532411-18df-48b4-8326-5225771ddc73');
INSERT INTO RefreshTokens (Id, Token, ExpiresAt, IsRevoked, CreatedAt, UserId) VALUES ('12032', 'KWLyjzWwpSBHdExk0PQrYWLwMJ0ci9eE4p9bU1RAFcxwuDyDptdH84OQgFMFOYi7+G8/hiAjEwPUGEOR3etmLg==', '2026-06-16 10:58:18.5129587', 1, '2026-05-17 10:58:18.5129572', '7b532411-18df-48b4-8326-5225771ddc73');
INSERT INTO RefreshTokens (Id, Token, ExpiresAt, IsRevoked, CreatedAt, UserId) VALUES ('12033', 'Q9APD48wUu079WkJITS/mpp2bcPssEwTy9gNEK9cj7cQ7WkTb38ZezT22XpbpImVMirrwhYgttLWZqjHWGYnSA==', '2026-06-16 12:16:54.3060378', 1, '2026-05-17 12:16:54.3060376', '7b532411-18df-48b4-8326-5225771ddc73');
INSERT INTO RefreshTokens (Id, Token, ExpiresAt, IsRevoked, CreatedAt, UserId) VALUES ('13027', 'AZJ1harCgY//wkEzO6AhagIM6K6znoqoRev1lBGNBI+Ecrh6jHTVmfzm2I+odMV+AQ32YSEaL7HoIhaqjKqYlg==', '2026-06-16 13:33:03.6878687', 0, '2026-05-17 13:33:03.6878415', '799cfe06-8ef0-4c68-bf52-3b70f7192aa9');
INSERT INTO RefreshTokens (Id, Token, ExpiresAt, IsRevoked, CreatedAt, UserId) VALUES ('13028', 'YzDeMaaUztt36XZdA9WSA/qb1uifgoTPYBPdmpGcBpHABLeccU7gBupZIJ5EJC6ZnD/tox6bhWggZltVRZ4EaQ==', '2026-06-16 14:21:02.6715038', 1, '2026-05-17 14:21:02.6715035', '7b532411-18df-48b4-8326-5225771ddc73');
INSERT INTO RefreshTokens (Id, Token, ExpiresAt, IsRevoked, CreatedAt, UserId) VALUES ('13029', 'AfMzCcpBd5iGgpMO8C+rbOu1Q1xOKD/0IeSXJVTH0QPceap7UxFue4l0cUAxShx0uBdo8cQX1XqO1/UDlg4ANA==', '2026-06-16 14:24:52.0902365', 1, '2026-05-17 14:24:52.0902363', '46257b1c-a8a3-431f-baf1-550e743597a9');
INSERT INTO RefreshTokens (Id, Token, ExpiresAt, IsRevoked, CreatedAt, UserId) VALUES ('13030', 'Iwj8IRpBEOPn9NZDq9eVO7K76V/DW1kHXA6esicp3VAl9KqMswyI05jfPqZe2qdIIehximLx/XG6yw4gYmMF+w==', '2026-06-16 15:41:50.6066055', 1, '2026-05-17 15:41:50.6066052', '46257b1c-a8a3-431f-baf1-550e743597a9');
INSERT INTO RefreshTokens (Id, Token, ExpiresAt, IsRevoked, CreatedAt, UserId) VALUES ('14027', 'yrlHj02rBXEKX2botPHGdKLNKaSJzdW8aP9AqSh79WSwlwQnUUDZ5xNu2KPEPfGRybs6fOz88wxtBMLAesCMvw==', '2026-06-17 05:03:32.2280419', 1, '2026-05-18 05:03:32.2280151', '7b532411-18df-48b4-8326-5225771ddc73');
INSERT INTO RefreshTokens (Id, Token, ExpiresAt, IsRevoked, CreatedAt, UserId) VALUES ('14028', 'bChFYrtpd+L/GnxCMVoNxRl2eU46nuWwgy+Xm3I5D8ofjLghpWnh0GvZU59Ig7t9Fz/HCqZsHdreuwU28XCg4g==', '2026-06-17 06:53:30.0002811', 1, '2026-05-18 06:53:30.0002809', '46257b1c-a8a3-431f-baf1-550e743597a9');
INSERT INTO RefreshTokens (Id, Token, ExpiresAt, IsRevoked, CreatedAt, UserId) VALUES ('14029', 'R+a1JddmsLYYHmH2/JMqAwGP6jfm5bfCVA8A9Ky+KHofcLCW4ycpoIxInKhSu2HaLs8SlSTKbeQWMsvC+DX7qw==', '2026-06-17 07:57:49.4711093', 1, '2026-05-18 07:57:49.4711091', '7b532411-18df-48b4-8326-5225771ddc73');
INSERT INTO RefreshTokens (Id, Token, ExpiresAt, IsRevoked, CreatedAt, UserId) VALUES ('14030', 'VNKAncMK542pvZu2yquT17bs6FdWL2oarvDOnQjMjQTcPIB5sgCR50o32rqf7NYjUIv1l6U0mcAsVe3z57UlIg==', '2026-06-17 07:58:49.9317932', 1, '2026-05-18 07:58:49.9317929', '46257b1c-a8a3-431f-baf1-550e743597a9');
INSERT INTO RefreshTokens (Id, Token, ExpiresAt, IsRevoked, CreatedAt, UserId) VALUES ('14031', 'S1Ed9D0PPGMpoLAtjjuxiILIhmJ7tS+1NViGCvhTqWkuuMQm7A5hOZM0vl5cJzW5YMJtGNBOBtXhQz+URilDVw==', '2026-06-17 08:57:20.1667320', 1, '2026-05-18 08:57:20.1667317', '46257b1c-a8a3-431f-baf1-550e743597a9');
INSERT INTO RefreshTokens (Id, Token, ExpiresAt, IsRevoked, CreatedAt, UserId) VALUES ('15027', 'G3XR+F6iFvQ2YHcMKZNMvOu+Z+DdgQhLeVa5Y+j+lEYDr0neJBdhpWSarMllvsNu2JSn7o9QHyX+2t19qVJ7Ug==', '2026-06-17 10:07:23.5622161', 1, '2026-05-18 10:07:23.5621411', '46257b1c-a8a3-431f-baf1-550e743597a9');
INSERT INTO RefreshTokens (Id, Token, ExpiresAt, IsRevoked, CreatedAt, UserId) VALUES ('15028', 'NGZ/pC5dpdWe8p7iyY+phTbKM8lnxxM3Yds3pIqo3MwJROnKW3SL+AeUrULfkz2m6nvOWAAxgwYvGZfiAaY1YA==', '2026-06-17 12:37:50.7332095', 1, '2026-05-18 12:37:50.7332093', '46257b1c-a8a3-431f-baf1-550e743597a9');
INSERT INTO RefreshTokens (Id, Token, ExpiresAt, IsRevoked, CreatedAt, UserId) VALUES ('15029', 'XtxgEsB+X9a1WkiOi90HB3ezgdVvOATpcuCluu+qr4Q5BPp88mzq7oG64DoH1c9dy1ucnR2m8Pmxt504JilkEw==', '2026-06-17 13:17:11.4512081', 1, '2026-05-18 13:17:11.4512075', '7b532411-18df-48b4-8326-5225771ddc73');
INSERT INTO RefreshTokens (Id, Token, ExpiresAt, IsRevoked, CreatedAt, UserId) VALUES ('15030', 'qEscBOADbH7slcHurg/BgaPw77ax1ukT4zeGbTjS0UzhDux7DLD9+tEZgIPeE/S6D5nJDMjgAq/DaPeIasInXg==', '2026-06-18 00:05:52.5001473', 1, '2026-05-19 00:05:52.5001471', '46257b1c-a8a3-431f-baf1-550e743597a9');
INSERT INTO RefreshTokens (Id, Token, ExpiresAt, IsRevoked, CreatedAt, UserId) VALUES ('15031', 'imKXCc6jMSB1luspaiwiyNntk8JijJm80K9XXso7C8VDmNaIEuXrXU5DCktK9mRf42yOHTUPL/xkO4bPHPugIg==', '2026-06-18 08:37:54.5846257', 1, '2026-05-19 08:37:54.5846254', '46257b1c-a8a3-431f-baf1-550e743597a9');
INSERT INTO RefreshTokens (Id, Token, ExpiresAt, IsRevoked, CreatedAt, UserId) VALUES ('15032', 'xHB6AJSroBoWogcPAIwhGjiM2Jy7Ueuda18hODqKJEBs/Ov+tcK6qC9SieOnguQd4qKLXi6iqRcMcFcmiQmFvA==', '2026-06-18 08:46:27.1030686', 1, '2026-05-19 08:46:27.1030683', '7b532411-18df-48b4-8326-5225771ddc73');
INSERT INTO RefreshTokens (Id, Token, ExpiresAt, IsRevoked, CreatedAt, UserId) VALUES ('15033', '9uOgGTojW7FetVe9kEgwptY6Ms8wADJL2HwvsvFvps0Z7pWDyb391brAucMX0RdnvM+RFBfqS1i/CrrcDVn5Xw==', '2026-06-18 08:47:00.1257528', 1, '2026-05-19 08:47:00.1257525', '46257b1c-a8a3-431f-baf1-550e743597a9');
INSERT INTO RefreshTokens (Id, Token, ExpiresAt, IsRevoked, CreatedAt, UserId) VALUES ('15034', 'VL6GMAb71WKwIGCzmoBVlZI2cTUHMh8IcBsl1sDfptzaPkCSRjjlEHV7u/43hgAnwwhxxXbDmexfq/9FQHJuIA==', '2026-06-18 09:55:05.6980915', 0, '2026-05-19 09:55:05.6980340', '46257b1c-a8a3-431f-baf1-550e743597a9');
INSERT INTO RefreshTokens (Id, Token, ExpiresAt, IsRevoked, CreatedAt, UserId) VALUES ('15035', 'IPM7KSESrmJ+i4YDfmDhX06Yu6pypWqCLFhHwzxHZDu7gneGqcz/taCUZWKNfGTW4Rqs4ST2ueML8V+LqCw7Mw==', '2026-06-18 09:55:05.6980832', 1, '2026-05-19 09:55:05.6980229', '46257b1c-a8a3-431f-baf1-550e743597a9');
INSERT INTO RefreshTokens (Id, Token, ExpiresAt, IsRevoked, CreatedAt, UserId) VALUES ('15036', 'nP9TJfZyKuCmmIBYtAn/KRzUIYC2ndfKxfS6Pt0R+9g5y3uznKzYC5jjIUj4VELnst4vw8V0zjdIG41KCbohuQ==', '2026-06-18 11:51:52.2134450', 1, '2026-05-19 11:51:52.2134447', '7b532411-18df-48b4-8326-5225771ddc73');
INSERT INTO RefreshTokens (Id, Token, ExpiresAt, IsRevoked, CreatedAt, UserId) VALUES ('15037', 'vqPGMsuggUGajBMhqP5Si0yA3Xm3shqmdqmdI1oJIMcOFNEJmZlS3n6VcfMy5PdYVPk7o6sb+RkxEq9oT+7IaQ==', '2026-06-18 12:54:59.7194829', 1, '2026-05-19 12:54:59.7194826', '46257b1c-a8a3-431f-baf1-550e743597a9');
INSERT INTO RefreshTokens (Id, Token, ExpiresAt, IsRevoked, CreatedAt, UserId) VALUES ('15038', 'sXuEGsaa9t2V9PBQJ3LlGBAaxTpX1vRREk765EAJ8EUu0pMhgSd2eiuHCTiJLZkGx2BHrzao1Mb2qA9oRFc0cA==', '2026-06-18 14:46:49.1199221', 1, '2026-05-19 14:46:49.1199218', '46257b1c-a8a3-431f-baf1-550e743597a9');
INSERT INTO RefreshTokens (Id, Token, ExpiresAt, IsRevoked, CreatedAt, UserId) VALUES ('15039', '1R8mOrne46/j6+k1lUARfmLBk9A5i+PpAuMmsWIMLT2ZawDwQ+MB9xGLn5GE53a0B7OWkc3y3iNN+Ra4FjMwpQ==', '2026-06-19 03:17:18.2924378', 1, '2026-05-20 03:17:18.2924374', '46257b1c-a8a3-431f-baf1-550e743597a9');
INSERT INTO RefreshTokens (Id, Token, ExpiresAt, IsRevoked, CreatedAt, UserId) VALUES ('15040', '7lElKcDIrCiFWFOmNhRwLJM+IWPvUJw/eiQ3xwN4Ov8P6soUWOYMtIkdWiWBpkxBIY2hqtyTWSedty1igJxJIw==', '2026-06-19 05:02:03.2895734', 1, '2026-05-20 05:02:03.2895732', '46257b1c-a8a3-431f-baf1-550e743597a9');
INSERT INTO RefreshTokens (Id, Token, ExpiresAt, IsRevoked, CreatedAt, UserId) VALUES ('15041', 'JNZiwxuAfKPC3F12bx8pTY0QY/T0hnmEUuVGyU1OP7UHO3N/JXB3FhuXvu8cNbnJzArWcxUIlzApQP7rECEsBw==', '2026-06-19 07:21:54.2345799', 1, '2026-05-20 07:21:54.2345796', '46257b1c-a8a3-431f-baf1-550e743597a9');
INSERT INTO RefreshTokens (Id, Token, ExpiresAt, IsRevoked, CreatedAt, UserId) VALUES ('15042', 'TMQ9eTR1OgfB9cAgAwWx4yv7HOinjKuQA+EYSLFYobM95beKG/6BkrlspDFAKZ3anIkbjD2M3dI+H+Lz2tqq4A==', '2026-06-20 03:40:08.7269329', 1, '2026-05-21 03:40:08.7269326', '46257b1c-a8a3-431f-baf1-550e743597a9');
INSERT INTO RefreshTokens (Id, Token, ExpiresAt, IsRevoked, CreatedAt, UserId) VALUES ('15043', 'iyAJjGGffsMV/qPV+pw+luT0OT2EPJTIB3z2OfqN1H9OeBbiCyO2UTH4AAfyCDwjL9rrI6EqQYbZpy/HhYKgzQ==', '2026-06-20 10:44:55.0776224', 1, '2026-05-21 10:44:55.0776222', '46257b1c-a8a3-431f-baf1-550e743597a9');
INSERT INTO RefreshTokens (Id, Token, ExpiresAt, IsRevoked, CreatedAt, UserId) VALUES ('15044', 'uoVbGwZZPm3D08yqoCtP0rlL/JGvRsNlws+oneRKaG3GhhMQGNfNl+mgAXesS5VxuYE88T35BowF4+UY7ynoBg==', '2026-06-21 05:54:12.2069271', 1, '2026-05-22 05:54:12.2069269', '46257b1c-a8a3-431f-baf1-550e743597a9');
INSERT INTO RefreshTokens (Id, Token, ExpiresAt, IsRevoked, CreatedAt, UserId) VALUES ('15045', 'EtNX7D7UpjcAYnDegZZIgknENa1RUSdW1BNTBNzum3AZtd4S0H0j8vLR/qshSMXhwPyG0wnFAWbyMkRRZSicaw==', '2026-06-22 05:16:42.8359191', 1, '2026-05-23 05:16:42.8359188', '46257b1c-a8a3-431f-baf1-550e743597a9');
INSERT INTO RefreshTokens (Id, Token, ExpiresAt, IsRevoked, CreatedAt, UserId) VALUES ('15046', 'ypb+INo7qnR0MITaNefrILP0dLGQdX0urEvBIrmv6xE4EgxGHxodE5bJ5QlksseLuJy8m5hvf3rc1LhZ+oJH6w==', '2026-06-22 06:24:45.4540141', 1, '2026-05-23 06:24:45.4540137', '46257b1c-a8a3-431f-baf1-550e743597a9');
INSERT INTO RefreshTokens (Id, Token, ExpiresAt, IsRevoked, CreatedAt, UserId) VALUES ('15047', 'HOSXQg7r5HWE/lPK8BjxdY9BZA9DmKaiQCpVRAPc2NjAEpIrZapu1/qi3qBsgFajnSD+cW9ty1lcAx6d7Wa02w==', '2026-06-22 08:04:42.8241867', 1, '2026-05-23 08:04:42.8241864', '46257b1c-a8a3-431f-baf1-550e743597a9');
INSERT INTO RefreshTokens (Id, Token, ExpiresAt, IsRevoked, CreatedAt, UserId) VALUES ('15048', 'ac5Q4GATTA4aCQmc6w5Xx0APamCRFSG/TNMXOTKcNp/A/5+TmiXcRlVBkaC/YbSCRZIx/2xqDsxhkFXGzuiHuA==', '2026-06-23 04:17:51.0407443', 1, '2026-05-24 04:17:51.0407438', '46257b1c-a8a3-431f-baf1-550e743597a9');
INSERT INTO RefreshTokens (Id, Token, ExpiresAt, IsRevoked, CreatedAt, UserId) VALUES ('15049', '3lyQim7CBlDcVubih9x87e4bX8uryAfP1d6r7iPOXCrlAaQocBc79KO/DH4zXVcjsFGbVq7YrajunLeLruK0ag==', '2026-06-23 07:39:32.2603513', 1, '2026-05-24 07:39:32.2603510', '46257b1c-a8a3-431f-baf1-550e743597a9');
INSERT INTO RefreshTokens (Id, Token, ExpiresAt, IsRevoked, CreatedAt, UserId) VALUES ('15050', '9dDJj1zv5HXy2PmnxWyC458LdJNWf/RNfQwAy0QXqepObf88R8vcXNZwS4SB34w/mzWsEEXCYGqIqPp+5yVjAw==', '2026-06-23 11:15:33.5122980', 1, '2026-05-24 11:15:33.5122976', '7b532411-18df-48b4-8326-5225771ddc73');
INSERT INTO RefreshTokens (Id, Token, ExpiresAt, IsRevoked, CreatedAt, UserId) VALUES ('15051', '/65jGnpPlq2Ty608HT4gYwaZCgZgzm0ncWOXIH9OBX4KK2vQxbGF0FO1OKaTl7lEtkh/k7jDyisru7iePeiagw==', '2026-06-24 02:44:33.7462462', 0, '2026-05-25 02:44:33.7462460', '46257b1c-a8a3-431f-baf1-550e743597a9');
INSERT INTO RefreshTokens (Id, Token, ExpiresAt, IsRevoked, CreatedAt, UserId) VALUES ('15052', 'Ln9yNS4dfTtE0ga0rss6mC09unRA1fdUFkk+95gJM6v6TlClUQRVIEpy1m5mza+f1hIVlpj0wKvVUz3dfiUt1g==', '2026-06-24 02:44:33.7554262', 1, '2026-05-25 02:44:33.7554260', '46257b1c-a8a3-431f-baf1-550e743597a9');
INSERT INTO RefreshTokens (Id, Token, ExpiresAt, IsRevoked, CreatedAt, UserId) VALUES ('15053', 'ZBIVYC6jEj9patrL8mJxW9XjPcY+K7vl3YZFInxgs+qML1W18IrGNWNAiiXmhfISUO5TRJRfanj/UykCOdcYsQ==', '2026-06-25 05:00:05.7824842', 1, '2026-05-26 05:00:05.7824835', '46257b1c-a8a3-431f-baf1-550e743597a9');
INSERT INTO RefreshTokens (Id, Token, ExpiresAt, IsRevoked, CreatedAt, UserId) VALUES ('15054', 'SDVp5YRIQ2bq495w1zhR8ES3+MAXp7iKlHmfnUqZdZMk9Ki48y8ANgBn4MVL6lcz84sG3+61bRen2OXdbwdsvA==', '2026-06-25 10:47:07.2000028', 1, '2026-05-26 10:47:07.2000025', '7b532411-18df-48b4-8326-5225771ddc73');
INSERT INTO RefreshTokens (Id, Token, ExpiresAt, IsRevoked, CreatedAt, UserId) VALUES ('15055', 'NnnmCAzU964Ipx/klvoQ8xOf5DU66gc5PPx28crVgldYnxRRvfQQp8D0pIOFQhjJjAzqil12OHxsLeQhSHNVwQ==', '2026-06-25 23:28:44.3132673', 1, '2026-05-26 23:28:44.3132669', '46257b1c-a8a3-431f-baf1-550e743597a9');
INSERT INTO RefreshTokens (Id, Token, ExpiresAt, IsRevoked, CreatedAt, UserId) VALUES ('15056', 'L3acacWENH/dLO86eGghfCTUitDPHuDOBTFxqXHcqlh659ywE2q/pTW4PYxF+dg9gZ/R0tStW9BMbTo1twpTAQ==', '2026-06-26 09:44:26.8293157', 1, '2026-05-27 09:44:26.8293154', '46257b1c-a8a3-431f-baf1-550e743597a9');
INSERT INTO RefreshTokens (Id, Token, ExpiresAt, IsRevoked, CreatedAt, UserId) VALUES ('15057', 'iLUn2BzMi7n5svWiAx+wha7bph/+ahfnqKbtvi8+e4iDt3qUNbI0s9i9wCex8tdkPGa3Kd3P8fRXGD1ZzGl/GA==', '2026-06-26 15:56:47.3990004', 1, '2026-05-27 15:56:47.3990000', '7b532411-18df-48b4-8326-5225771ddc73');
INSERT INTO RefreshTokens (Id, Token, ExpiresAt, IsRevoked, CreatedAt, UserId) VALUES ('15058', 'fvAnrEch0kcxEOeM7olhVbFDZe4tuhBT3i9kzKjw9svMLh36uWbIiQZXkQLJSV/hEIeW5N34zyUN9qjUb9f/TA==', '2026-06-27 04:11:03.1343618', 1, '2026-05-28 04:11:03.1343615', '46257b1c-a8a3-431f-baf1-550e743597a9');
INSERT INTO RefreshTokens (Id, Token, ExpiresAt, IsRevoked, CreatedAt, UserId) VALUES ('15059', 'NKncVgWDMcOcydCvtiZQQT8mGnPgpPSEgoI7WKX2PWFX4rwYzxFXEjCVRQMhOrw46LPWdMxlXkAuINILCDObIQ==', '2026-06-27 04:11:04.0357498', 1, '2026-05-28 04:11:04.0357495', '46257b1c-a8a3-431f-baf1-550e743597a9');
INSERT INTO RefreshTokens (Id, Token, ExpiresAt, IsRevoked, CreatedAt, UserId) VALUES ('15060', 'D/pf0L9uiq1Kxe2yExNur06G+aAiuKqgEzqaAmZiskLFjhVH48N+YgLnHlUKzIO/pKQHJKj3CQiMF8stZbBBTA==', '2026-06-27 08:22:09.0384614', 0, '2026-05-28 08:22:09.0384610', '6ba4438f-aa88-4c81-bfd8-0e3b4fa6cb8e');
INSERT INTO RefreshTokens (Id, Token, ExpiresAt, IsRevoked, CreatedAt, UserId) VALUES ('15061', 'TTdcb9eE3nDwm+X1e7lpY1jeRtdwUU7J8ApqmFNBQB571h3JVhLdIKZ2e4Mvy3UnUY2Yh78t7N8JtdIC/iX9fw==', '2026-06-27 08:22:39.1782882', 0, '2026-05-28 08:22:39.1782878', '6ba4438f-aa88-4c81-bfd8-0e3b4fa6cb8e');
INSERT INTO RefreshTokens (Id, Token, ExpiresAt, IsRevoked, CreatedAt, UserId) VALUES ('15062', 'zTkhr2JQoMmAdhSF+gSHglUCqe0BsgfU8K1DxrlymkjUjerhB2F+Q0MGVJxh77lpp9uLhNKaT+noWkoXA/PJQA==', '2026-06-29 09:21:15.5634341', 1, '2026-05-30 09:21:15.5634338', '46257b1c-a8a3-431f-baf1-550e743597a9');
INSERT INTO RefreshTokens (Id, Token, ExpiresAt, IsRevoked, CreatedAt, UserId) VALUES ('15063', 'v9PZ9ZwxWpYTvke2Jw4RIoh5ThztUxtJ1r63Xl2zFHLnNzUlWuHuNn2Chi7GurIKil1q9drK+Dp7yK7XKgvewQ==', '2026-07-01 06:15:49.6482399', 1, '2026-06-01 06:15:49.6482397', '46257b1c-a8a3-431f-baf1-550e743597a9');
INSERT INTO RefreshTokens (Id, Token, ExpiresAt, IsRevoked, CreatedAt, UserId) VALUES ('15064', 'Xs2lepe96Pzfju8SJuyo00evO+kEOCeYd4deP2WG0PO++RuEFQR4dG2ki4IPRHhcQiW0cpAKNL4UdK7ca1DmKQ==', '2026-07-01 15:09:19.0223723', 1, '2026-06-01 15:09:19.0223721', '46257b1c-a8a3-431f-baf1-550e743597a9');
INSERT INTO RefreshTokens (Id, Token, ExpiresAt, IsRevoked, CreatedAt, UserId) VALUES ('15065', 'TBz7OGQ9jUOtJV7eKUjXsyvGp6+/uO0SMg/N9i1lPhScaAdsyMa2ZOW5o3S4hBDbyB/pN0L1wdLdQWW1n8dOqw==', '2026-07-01 15:44:04.1107033', 0, '2026-06-01 15:44:04.1107019', '46257b1c-a8a3-431f-baf1-550e743597a9');
INSERT INTO RefreshTokens (Id, Token, ExpiresAt, IsRevoked, CreatedAt, UserId) VALUES ('15066', 'DjS8NAJum6a9KKfVj6XUe48pY+mJoeUE3Kn3rREuoAAIFveNh/oJWaJuWkGDga67qXnebZ/5Mf3Xme1pTxU0Bw==', '2026-07-02 13:12:09.8380906', 0, '2026-06-02 13:12:09.8380905', '46257b1c-a8a3-431f-baf1-550e743597a9');
INSERT INTO RefreshTokens (Id, Token, ExpiresAt, IsRevoked, CreatedAt, UserId) VALUES ('15067', 'I265IKANzR0eefy3drDNBqgoutMljuwHTM2MiN2VqM6rkDjMiqiN71xAM26k72Gy2jSRSdssjJBwEi9sVfcgyA==', '2026-07-02 13:12:14.8689591', 1, '2026-06-02 13:12:14.8689591', '46257b1c-a8a3-431f-baf1-550e743597a9');
INSERT INTO RefreshTokens (Id, Token, ExpiresAt, IsRevoked, CreatedAt, UserId) VALUES ('15068', 'AmjW1WwtYMeXNRMXM3s8vQ9p+u/J/LKTH1PZvptv7y3JYwczVdpB9+vQQhG0l0qZzRCel4tZvkrDOY355rnKWA==', '2026-07-02 13:15:07.4191325', 0, '2026-06-02 13:15:07.4191325', '46257b1c-a8a3-431f-baf1-550e743597a9');
INSERT INTO RefreshTokens (Id, Token, ExpiresAt, IsRevoked, CreatedAt, UserId) VALUES ('15069', 'sqS/5x3XkHnR/rOKZZkCCBKkC7egSUqeh4Q7h+zpNFAgmAwUp83kPH8DwDFL9oS3BMuNELo4/WmDO4MlFiLv0Q==', '2026-07-06 06:03:03.2890861', 1, '2026-06-06 06:03:03.2890860', '46257b1c-a8a3-431f-baf1-550e743597a9');
INSERT INTO RefreshTokens (Id, Token, ExpiresAt, IsRevoked, CreatedAt, UserId) VALUES ('15070', 'fP4XTdz4RaFZMY62jVM7110bPVmSSKGWNKEPd7aZCTQo3SR3bKTviqxsuYHvqDoZs5x7uwBwUMoX3I/BQzNkng==', '2026-07-09 02:49:18.5321382', 1, '2026-06-09 02:49:18.5321381', '46257b1c-a8a3-431f-baf1-550e743597a9');
INSERT INTO RefreshTokens (Id, Token, ExpiresAt, IsRevoked, CreatedAt, UserId) VALUES ('15071', 'vJGcRMUM/2YIwBPzUrchdPADD1YPiRoOsaej66mgE2JZZ9lvrR7zhsdGI+oUYGOCTzClPjQXYGUbpjBhxVdmqQ==', '2026-07-09 04:31:07.1042572', 1, '2026-06-09 04:31:07.1042571', '7b532411-18df-48b4-8326-5225771ddc73');
INSERT INTO RefreshTokens (Id, Token, ExpiresAt, IsRevoked, CreatedAt, UserId) VALUES ('15072', 't9Y4mEu0NkDV5KuIqxfjOo8RfGxe9AZYZL2wf3QmUu5Qu5G8eli6+g6nvC7wtmydRkcuDgzoeSsGsDdMctFZMA==', '2026-07-10 02:59:36.1321505', 0, '2026-06-10 02:59:36.1321504', '7b532411-18df-48b4-8326-5225771ddc73');
INSERT INTO RefreshTokens (Id, Token, ExpiresAt, IsRevoked, CreatedAt, UserId) VALUES ('15073', 'DVj58bpi41lfebXwJJQuY2lDUOdk8VPPIDJpJRI4SMp6dhjI5JI7AsECDZcyi1YqT9zJks1lGU4aMYdijVSF0w==', '2026-07-18 12:39:52.3588761', 1, '2026-06-18 12:39:52.3588761', '46257b1c-a8a3-431f-baf1-550e743597a9');
INSERT INTO RefreshTokens (Id, Token, ExpiresAt, IsRevoked, CreatedAt, UserId) VALUES ('15074', 'TdhOLnwfixCWjMgGFgGckw3XuFyN1xD2wHA2c60i7Pkw43vzdJNabwoKOnxSMI/gMs5knu2Rkpem0xxVFOjFWQ==', '2026-07-29 08:58:54.1205470', 1, '2026-06-29 08:58:54.1205469', '46257b1c-a8a3-431f-baf1-550e743597a9');
INSERT INTO RefreshTokens (Id, Token, ExpiresAt, IsRevoked, CreatedAt, UserId) VALUES ('15075', 'F9yoW3WjtRjvelMnpGrpScSwQOSJx261bljSnTy1+p0U8RXdIJ2DnOENtLPqskrD9wGlnX9jQAptW1hrrnn7wg==', '2026-07-29 23:53:31.8780529', 1, '2026-06-29 23:53:31.8780529', '46257b1c-a8a3-431f-baf1-550e743597a9');
INSERT INTO RefreshTokens (Id, Token, ExpiresAt, IsRevoked, CreatedAt, UserId) VALUES ('15076', 'J60C49L0FUYI9/QScICHukI8O2epf3f/STK7cfZ+faCJbJqZMbLd/uIWGUPPCFS6JF6DnFf1la4J6PLGTnqVfQ==', '2026-07-29 23:53:32.1472238', 1, '2026-06-29 23:53:32.1472237', '46257b1c-a8a3-431f-baf1-550e743597a9');
INSERT INTO RefreshTokens (Id, Token, ExpiresAt, IsRevoked, CreatedAt, UserId) VALUES ('15077', 'V/wNssK715xavOjvsr6nppZmimW0GIpUxTf5mm/DZPAzdmf6iVSfaBIQmKIf+h4aGu5GDbKsv94ZobZyd14MGg==', '2026-07-30 07:22:55.0560026', 0, '2026-06-30 07:22:55.0560025', '46257b1c-a8a3-431f-baf1-550e743597a9');
INSERT INTO RefreshTokens (Id, Token, ExpiresAt, IsRevoked, CreatedAt, UserId) VALUES ('15078', 'rcPqYCjx6QgEKgz1jYPm0jW6nHhmxa6lQE2uXUHiBvfXSMwBD//3zpNZ8m0UvMwgqmVJDaQ8iIibJ8+ROeX19w==', '2026-07-30 07:23:01.0672326', 1, '2026-06-30 07:23:01.0672325', '46257b1c-a8a3-431f-baf1-550e743597a9');
INSERT INTO RefreshTokens (Id, Token, ExpiresAt, IsRevoked, CreatedAt, UserId) VALUES ('15079', 'SZ/Bh9NXuRUUTetztbkon6QEZaUgi4uSIL6vi71zFEDojzuBI3qcjQWcftDNtFSMHm/eCmTEyDvJkLJutcyvcA==', '2026-08-14 04:18:47.6082602', 0, '2026-07-15 04:18:47.6082601', '46257b1c-a8a3-431f-baf1-550e743597a9');
